query,intent
수시,1
수시 알려줘,1
수시 알려주세요,1
수시 알려줘봐,1
수시 알려줘요,1
수시에 대해서 알려줘,1
수시에 대해서 알려주세요,1
수시에 관해서 알려줘,1
수시를 알려줘,1
수시전형 안내하기,1
수시전형 안내하기 알려줘,1
수시전형 안내하기 알려주세요,1
수시전형 안내하기 알려줘봐,1
수시전형 안내하기 알려줘요,1
수시전형 안내하기에 대해서 알려줘,1
수시전형 안내하기에 대해서 알려주세요,1
수시전형 안내하기에 관해서 알려줘,1
수시전형 안내하기를 알려줘,1
수시 전형일정 및 모집 인원 안내,1
수시 전형일정 및 모집 인원 안내 알려줘,1
수시 전형일정 및 모집 인원 안내 알려주세요,1
수시 전형일정 및 모집 인원 안내 알려줘봐,1
수시 전형일정 및 모집 인원 안내 알려줘요,1
수시 전형일정 및 모집 인원 안내에 대해서 알려줘,1
수시 전형일정 및 모집 인원 안내에 대해서 알려주세요,1
수시 전형일정 및 모집 인원 안내에 관해서 알려줘,1
수시 전형일정 및 모집 인원 안내를 알려줘,1
학생부 교과전형 안내,1
학생부 교과전형 안내 알려줘,1
학생부 교과전형 안내 알려주세요,1
학생부 교과전형 안내 알려줘봐,1
학생부 교과전형 안내 알려줘요,1
학생부 교과전형 안내에 대해서 알려줘,1
학생부 교과전형 안내에 대해서 알려주세요,1
학생부 교과전형 안내에 관해서 알려줘,1
학생부 교과전형 안내를 알려줘,1
수시 교과지원,1
수시 교과지원 알려줘,1
수시 교과지원 알려주세요,1
수시 교과지원 알려줘봐,1
수시 교과지원 알려줘요,1
수시 교과지원에 대해서 알려줘,1
수시 교과지원에 대해서 알려주세요,1
수시 교과지원에 관해서 알려줘,1
수시 교과지원를 알려줘,1
수시교과지원,1
수시교과지원 알려줘,1
수시교과지원 알려주세요,1
수시교과지원 알려줘봐,1
수시교과지원 알려줘요,1
수시교과지원에 대해서 알려줘,1
수시교과지원에 대해서 알려주세요,1
수시교과지원에 관해서 알려줘,1
수시교과지원를 알려줘,1
수시 교과,1
수시 교과 알려줘,1
수시 교과 알려주세요,1
수시 교과 알려줘봐,1
수시 교과 알려줘요,1
수시 교과에 대해서 알려줘,1
수시 교과에 대해서 알려주세요,1
수시 교과에 관해서 알려줘,1
수시 교과를 알려줘,1
수시교과,1
수시교과 알려줘,1
수시교과 알려주세요,1
수시교과 알려줘봐,1
수시교과 알려줘요,1
수시교과에 대해서 알려줘,1
수시교과에 대해서 알려주세요,1
수시교과에 관해서 알려줘,1
수시교과를 알려줘,1
교과,1
교과 알려줘,1
교과 알려주세요,1
교과 알려줘봐,1
교과 알려줘요,1
교과에 대해서 알려줘,1
교과에 대해서 알려주세요,1
교과에 관해서 알려줘,1
교과를 알려줘,1
교과지원,1
교과지원 알려줘,1
교과지원 알려주세요,1
교과지원 알려줘봐,1
교과지원 알려줘요,1
교과지원에 대해서 알려줘,1
교과지원에 대해서 알려주세요,1
교과지원에 관해서 알려줘,1
교과지원를 알려줘,1
교과 지원,1
교과 지원 알려줘,1
교과 지원 알려주세요,1
교과 지원 알려줘봐,1
교과 지원 알려줘요,1
교과 지원에 대해서 알려줘,1
교과 지원에 대해서 알려주세요,1
교과 지원에 관해서 알려줘,1
교과 지원를 알려줘,1
학생부 종합전형 안내,1
학생부 종합전형 안내 알려줘,1
학생부 종합전형 안내 알려주세요,1
학생부 종합전형 안내 알려줘봐,1
학생부 종합전형 안내 알려줘요,1
학생부 종합전형 안내에 대해서 알려줘,1
학생부 종합전형 안내에 대해서 알려주세요,1
학생부 종합전형 안내에 관해서 알려줘,1
학생부 종합전형 안내를 알려줘,1
면접평가 안내,1
면접평가 안내 알려줘,1
면접평가 안내 알려주세요,1
면접평가 안내 알려줘봐,1
면접평가 안내 알려줘요,1
면접평가 안내에 대해서 알려줘,1
면접평가 안내에 대해서 알려주세요,1
면접평가 안내에 관해서 알려줘,1
면접평가 안내를 알려줘,1
수시 장학제도 안내,1
수시 장학제도 안내 알려줘,1
수시 장학제도 안내 알려주세요,1
수시 장학제도 안내 알려줘봐,1
수시 장학제도 안내 알려줘요,1
수시 장학제도 안내에 대해서 알려줘,1
수시 장학제도 안내에 대해서 알려주세요,1
수시 장학제도 안내에 관해서 알려줘,1
수시 장학제도 안내를 알려줘,1
수시 합격자 안내,1
수시 합격자 안내 알려줘,1
수시 합격자 안내 알려주세요,1
수시 합격자 안내 알려줘봐,1
수시 합격자 안내 알려줘요,1
수시 합격자 안내에 대해서 알려줘,1
수시 합격자 안내에 대해서 알려주세요,1
수시 합격자 안내에 관해서 알려줘,1
수시 합격자 안내를 알려줘,1
성적산출프로그램,1
성적산출프로그램 알려줘,1
성적산출프로그램 알려주세요,1
성적산출프로그램 알려줘봐,1
성적산출프로그램 알려줘요,1
성적산출프로그램에 대해서 알려줘,1
성적산출프로그램에 대해서 알려주세요,1
성적산출프로그램에 관해서 알려줘,1
성적산출프로그램를 알려줘,1
수시 전형일정,1
수시 전형일정 알려줘,1
수시 전형일정 알려주세요,1
수시 전형일정 알려줘봐,1
수시 전형일정 알려줘요,1
수시 전형일정에 대해서 알려줘,1
수시 전형일정에 대해서 알려주세요,1
수시 전형일정에 관해서 알려줘,1
수시 전형일정를 알려줘,1
수시 전형,1
수시 전형 알려줘,1
수시 전형 알려주세요,1
수시 전형 알려줘봐,1
수시 전형 알려줘요,1
수시 전형에 대해서 알려줘,1
수시 전형에 대해서 알려주세요,1
수시 전형에 관해서 알려줘,1
수시 전형를 알려줘,1
수시 일정,1
수시 일정 알려줘,1
수시 일정 알려주세요,1
수시 일정 알려줘봐,1
수시 일정 알려줘요,1
수시 일정에 대해서 알려줘,1
수시 일정에 대해서 알려주세요,1
수시 일정에 관해서 알려줘,1
수시 일정를 알려줘,1
수시 모집인원,1
수시 모집인원 알려줘,1
수시 모집인원 알려주세요,1
수시 모집인원 알려줘봐,1
수시 모집인원 알려줘요,1
수시 모집인원에 대해서 알려줘,1
수시 모집인원에 대해서 알려주세요,1
수시 모집인원에 관해서 알려줘,1
수시 모집인원를 알려줘,1
수시 모집,1
수시 모집 알려줘,1
수시 모집 알려주세요,1
수시 모집 알려줘봐,1
수시 모집 알려줘요,1
수시 모집에 대해서 알려줘,1
수시 모집에 대해서 알려주세요,1
수시 모집에 관해서 알려줘,1
수시 모집를 알려줘,1
수시 인원,1
수시 인원 알려줘,1
수시 인원 알려주세요,1
수시 인원 알려줘봐,1
수시 인원 알려줘요,1
수시 인원에 대해서 알려줘,1
수시 인원에 대해서 알려주세요,1
수시 인원에 관해서 알려줘,1
수시 인원를 알려줘,1
수시 일반,1
수시 일반 알려줘,1
수시 일반 알려주세요,1
수시 일반 알려줘봐,1
수시 일반 알려줘요,1
수시 일반에 대해서 알려줘,1
수시 일반에 대해서 알려주세요,1
수시 일반에 관해서 알려줘,1
수시 일반를 알려줘,1
수시 일반전형,1
수시 일반전형 알려줘,1
수시 일반전형 알려주세요,1
수시 일반전형 알려줘봐,1
수시 일반전형 알려줘요,1
수시 일반전형에 대해서 알려줘,1
수시 일반전형에 대해서 알려주세요,1
수시 일반전형에 관해서 알려줘,1
수시 일반전형를 알려줘,1
수시 일반1,1
수시 일반1 알려줘,1
수시 일반1 알려주세요,1
수시 일반1 알려줘봐,1
수시 일반1 알려줘요,1
수시 일반1에 대해서 알려줘,1
수시 일반1에 대해서 알려주세요,1
수시 일반1에 관해서 알려줘,1
수시 일반1를 알려줘,1
일반1,1
일반1 알려줘,1
일반1 알려주세요,1
일반1 알려줘봐,1
일반1 알려줘요,1
일반1에 대해서 알려줘,1
일반1에 대해서 알려주세요,1
일반1에 관해서 알려줘,1
일반1를 알려줘,1
수시 일반2,1
수시 일반2 알려줘,1
수시 일반2 알려주세요,1
수시 일반2 알려줘봐,1
수시 일반2 알려줘요,1
수시 일반2에 대해서 알려줘,1
수시 일반2에 대해서 알려주세요,1
수시 일반2에 관해서 알려줘,1
수시 일반2를 알려줘,1
일반2,1
일반2 알려줘,1
일반2 알려주세요,1
일반2 알려줘봐,1
일반2 알려줘요,1
일반2에 대해서 알려줘,1
일반2에 대해서 알려주세요,1
일반2에 관해서 알려줘,1
일반2를 알려줘,1
수시 지역,1
수시 지역 알려줘,1
수시 지역 알려주세요,1
수시 지역 알려줘봐,1
수시 지역 알려줘요,1
수시 지역에 대해서 알려줘,1
수시 지역에 대해서 알려주세요,1
수시 지역에 관해서 알려줘,1
수시 지역를 알려줘,1
수시 지역인재,1
수시 지역인재 알려줘,1
수시 지역인재 알려주세요,1
수시 지역인재 알려줘봐,1
수시 지역인재 알려줘요,1
수시 지역인재에 대해서 알려줘,1
수시 지역인재에 대해서 알려주세요,1
수시 지역인재에 관해서 알려줘,1
수시 지역인재를 알려줘,1
수시 지역인재전형,1
수시 지역인재전형 알려줘,1
수시 지역인재전형 알려주세요,1
수시 지역인재전형 알려줘봐,1
수시 지역인재전형 알려줘요,1
수시 지역인재전형에 대해서 알려줘,1
수시 지역인재전형에 대해서 알려주세요,1
수시 지역인재전형에 관해서 알려줘,1
수시 지역인재전형를 알려줘,1
지역,1
지역 알려줘,1
지역 알려주세요,1
지역 알려줘봐,1
지역 알려줘요,1
지역에 대해서 알려줘,1
지역에 대해서 알려주세요,1
지역에 관해서 알려줘,1
지역를 알려줘,1
지역인재,1
지역인재 알려줘,1
지역인재 알려주세요,1
지역인재 알려줘봐,1
지역인재 알려줘요,1
지역인재에 대해서 알려줘,1
지역인재에 대해서 알려주세요,1
지역인재에 관해서 알려줘,1
지역인재를 알려줘,1
지역인재전형,1
지역인재전형 알려줘,1
지역인재전형 알려주세요,1
지역인재전형 알려줘봐,1
지역인재전형 알려줘요,1
지역인재전형에 대해서 알려줘,1
지역인재전형에 대해서 알려주세요,1
지역인재전형에 관해서 알려줘,1
지역인재전형를 알려줘,1
수시 교과 지역인재,1
수시 교과 지역인재 알려줘,1
수시 교과 지역인재 알려주세요,1
수시 교과 지역인재 알려줘봐,1
수시 교과 지역인재 알려줘요,1
수시 교과 지역인재에 대해서 알려줘,1
수시 교과 지역인재에 대해서 알려주세요,1
수시 교과 지역인재에 관해서 알려줘,1
수시 교과 지역인재를 알려줘,1
교과 지역인재,1
교과 지역인재 알려줘,1
교과 지역인재 알려주세요,1
교과 지역인재 알려줘봐,1
교과 지역인재 알려줘요,1
교과 지역인재에 대해서 알려줘,1
교과 지역인재에 대해서 알려주세요,1
교과 지역인재에 관해서 알려줘,1
교과 지역인재를 알려줘,1
수시 종합 지역인재,1
수시 종합 지역인재 알려줘,1
수시 종합 지역인재 알려주세요,1
수시 종합 지역인재 알려줘봐,1
수시 종합 지역인재 알려줘요,1
수시 종합 지역인재에 대해서 알려줘,1
수시 종합 지역인재에 대해서 알려주세요,1
수시 종합 지역인재에 관해서 알려줘,1
수시 종합 지역인재를 알려줘,1
종합 지역인재,1
종합 지역인재 알려줘,1
종합 지역인재 알려주세요,1
종합 지역인재 알려줘봐,1
종합 지역인재 알려줘요,1
종합 지역인재에 대해서 알려줘,1
종합 지역인재에 대해서 알려주세요,1
종합 지역인재에 관해서 알려줘,1
종합 지역인재를 알려줘,1
수시 자기추천,1
수시 자기추천 알려줘,1
수시 자기추천 알려주세요,1
수시 자기추천 알려줘봐,1
수시 자기추천 알려줘요,1
수시 자기추천에 대해서 알려줘,1
수시 자기추천에 대해서 알려주세요,1
수시 자기추천에 관해서 알려줘,1
수시 자기추천를 알려줘,1
자기추천,1
자기추천 알려줘,1
자기추천 알려주세요,1
자기추천 알려줘봐,1
자기추천 알려줘요,1
자기추천에 대해서 알려줘,1
자기추천에 대해서 알려주세요,1
자기추천에 관해서 알려줘,1
자기추천를 알려줘,1
수시 농어촌학생,1
수시 농어촌학생 알려줘,1
수시 농어촌학생 알려주세요,1
수시 농어촌학생 알려줘봐,1
수시 농어촌학생 알려줘요,1
수시 농어촌학생에 대해서 알려줘,1
수시 농어촌학생에 대해서 알려주세요,1
수시 농어촌학생에 관해서 알려줘,1
수시 농어촌학생를 알려줘,1
수시 농어촌,1
수시 농어촌 알려줘,1
수시 농어촌 알려주세요,1
수시 농어촌 알려줘봐,1
수시 농어촌 알려줘요,1
수시 농어촌에 대해서 알려줘,1
수시 농어촌에 대해서 알려주세요,1
수시 농어촌에 관해서 알려줘,1
수시 농어촌를 알려줘,1
수시 특성화고교졸업자,1
수시 특성화고교졸업자 알려줘,1
수시 특성화고교졸업자 알려주세요,1
수시 특성화고교졸업자 알려줘봐,1
수시 특성화고교졸업자 알려줘요,1
수시 특성화고교졸업자에 대해서 알려줘,1
수시 특성화고교졸업자에 대해서 알려주세요,1
수시 특성화고교졸업자에 관해서 알려줘,1
수시 특성화고교졸업자를 알려줘,1
수시 특성화,1
수시 특성화 알려줘,1
수시 특성화 알려주세요,1
수시 특성화 알려줘봐,1
수시 특성화 알려줘요,1
수시 특성화에 대해서 알려줘,1
수시 특성화에 대해서 알려주세요,1
수시 특성화에 관해서 알려줘,1
수시 특성화를 알려줘,1
수시 기초생활수급자 및 차상위계층,1
수시 기초생활수급자 및 차상위계층 알려줘,1
수시 기초생활수급자 및 차상위계층 알려주세요,1
수시 기초생활수급자 및 차상위계층 알려줘봐,1
수시 기초생활수급자 및 차상위계층 알려줘요,1
수시 기초생활수급자 및 차상위계층에 대해서 알려줘,1
수시 기초생활수급자 및 차상위계층에 대해서 알려주세요,1
수시 기초생활수급자 및 차상위계층에 관해서 알려줘,1
수시 기초생활수급자 및 차상위계층를 알려줘,1
수시 기초생활수급자,1
수시 기초생활수급자 알려줘,1
수시 기초생활수급자 알려주세요,1
수시 기초생활수급자 알려줘봐,1
수시 기초생활수급자 알려줘요,1
수시 기초생활수급자에 대해서 알려줘,1
수시 기초생활수급자에 대해서 알려주세요,1
수시 기초생활수급자에 관해서 알려줘,1
수시 기초생활수급자를 알려줘,1
수시 기초생활,1
수시 기초생활 알려줘,1
수시 기초생활 알려주세요,1
수시 기초생활 알려줘봐,1
수시 기초생활 알려줘요,1
수시 기초생활에 대해서 알려줘,1
수시 기초생활에 대해서 알려주세요,1
수시 기초생활에 관해서 알려줘,1
수시 기초생활를 알려줘,1
수시 기초,1
수시 기초 알려줘,1
수시 기초 알려주세요,1
수시 기초 알려줘봐,1
수시 기초 알려줘요,1
수시 기초에 대해서 알려줘,1
수시 기초에 대해서 알려주세요,1
수시 기초에 관해서 알려줘,1
수시 기초를 알려줘,1
수시 차상위,1
수시 차상위 알려줘,1
수시 차상위 알려주세요,1
수시 차상위 알려줘봐,1
수시 차상위 알려줘요,1
수시 차상위에 대해서 알려줘,1
수시 차상위에 대해서 알려주세요,1
수시 차상위에 관해서 알려줘,1
수시 차상위를 알려줘,1
수시 교과지원방법,1
수시 교과지원방법 알려줘,1
수시 교과지원방법 알려주세요,1
수시 교과지원방법 알려줘봐,1
수시 교과지원방법 알려줘요,1
수시 교과지원방법에 대해서 알려줘,1
수시 교과지원방법에 대해서 알려주세요,1
수시 교과지원방법에 관해서 알려줘,1
수시 교과지원방법를 알려줘,1
수시 교과전형방법,1
수시 교과전형방법 알려줘,1
수시 교과전형방법 알려주세요,1
수시 교과전형방법 알려줘봐,1
수시 교과전형방법 알려줘요,1
수시 교과전형방법에 대해서 알려줘,1
수시 교과전형방법에 대해서 알려주세요,1
수시 교과전형방법에 관해서 알려줘,1
수시 교과전형방법를 알려줘,1
교과지원방법,1
교과지원방법 알려줘,1
교과지원방법 알려주세요,1
교과지원방법 알려줘봐,1
교과지원방법 알려줘요,1
교과지원방법에 대해서 알려줘,1
교과지원방법에 대해서 알려주세요,1
교과지원방법에 관해서 알려줘,1
교과지원방법를 알려줘,1
교과전형방법,1
교과전형방법 알려줘,1
교과전형방법 알려주세요,1
교과전형방법 알려줘봐,1
교과전형방법 알려줘요,1
교과전형방법에 대해서 알려줘,1
교과전형방법에 대해서 알려주세요,1
교과전형방법에 관해서 알려줘,1
교과전형방법를 알려줘,1
수시 종합지원방법,1
수시 종합지원방법 알려줘,1
수시 종합지원방법 알려주세요,1
수시 종합지원방법 알려줘봐,1
수시 종합지원방법 알려줘요,1
수시 종합지원방법에 대해서 알려줘,1
수시 종합지원방법에 대해서 알려주세요,1
수시 종합지원방법에 관해서 알려줘,1
수시 종합지원방법를 알려줘,1
수시 종합전형방법,1
수시 종합전형방법 알려줘,1
수시 종합전형방법 알려주세요,1
수시 종합전형방법 알려줘봐,1
수시 종합전형방법 알려줘요,1
수시 종합전형방법에 대해서 알려줘,1
수시 종합전형방법에 대해서 알려주세요,1
수시 종합전형방법에 관해서 알려줘,1
수시 종합전형방법를 알려줘,1
종합지원방법,1
종합지원방법 알려줘,1
종합지원방법 알려주세요,1
종합지원방법 알려줘봐,1
종합지원방법 알려줘요,1
종합지원방법에 대해서 알려줘,1
종합지원방법에 대해서 알려주세요,1
종합지원방법에 관해서 알려줘,1
종합지원방법를 알려줘,1
종합전형방법,1
종합전형방법 알려줘,1
종합전형방법 알려주세요,1
종합전형방법 알려줘봐,1
종합전형방법 알려줘요,1
종합전형방법에 대해서 알려줘,1
종합전형방법에 대해서 알려주세요,1
종합전형방법에 관해서 알려줘,1
종합전형방법를 알려줘,1
수시 지원방법,1
수시 지원방법 알려줘,1
수시 지원방법 알려주세요,1
수시 지원방법 알려줘봐,1
수시 지원방법 알려줘요,1
수시 지원방법에 대해서 알려줘,1
수시 지원방법에 대해서 알려주세요,1
수시 지원방법에 관해서 알려줘,1
수시 지원방법를 알려줘,1
수시 전형방법,1
수시 전형방법 알려줘,1
수시 전형방법 알려주세요,1
수시 전형방법 알려줘봐,1
수시 전형방법 알려줘요,1
수시 전형방법에 대해서 알려줘,1
수시 전형방법에 대해서 알려주세요,1
수시 전형방법에 관해서 알려줘,1
수시 전형방법를 알려줘,1
수시 학생부 반영비율,1
수시 학생부 반영비율 알려줘,1
수시 학생부 반영비율 알려주세요,1
수시 학생부 반영비율 알려줘봐,1
수시 학생부 반영비율 알려줘요,1
수시 학생부 반영비율에 대해서 알려줘,1
수시 학생부 반영비율에 대해서 알려주세요,1
수시 학생부 반영비율에 관해서 알려줘,1
수시 학생부 반영비율를 알려줘,1
수시 생기부 반영비율,1
수시 생기부 반영비율 알려줘,1
수시 생기부 반영비율 알려주세요,1
수시 생기부 반영비율 알려줘봐,1
수시 생기부 반영비율 알려줘요,1
수시 생기부 반영비율에 대해서 알려줘,1
수시 생기부 반영비율에 대해서 알려주세요,1
수시 생기부 반영비율에 관해서 알려줘,1
수시 생기부 반영비율를 알려줘,1
수시 생활기록부 반영비율,1
수시 생활기록부 반영비율 알려줘,1
수시 생활기록부 반영비율 알려주세요,1
수시 생활기록부 반영비율 알려줘봐,1
수시 생활기록부 반영비율 알려줘요,1
수시 생활기록부 반영비율에 대해서 알려줘,1
수시 생활기록부 반영비율에 대해서 알려주세요,1
수시 생활기록부 반영비율에 관해서 알려줘,1
수시 생활기록부 반영비율를 알려줘,1
수시 학교생활기록부 반영비율,1
수시 학교생활기록부 반영비율 알려줘,1
수시 학교생활기록부 반영비율 알려주세요,1
수시 학교생활기록부 반영비율 알려줘봐,1
수시 학교생활기록부 반영비율 알려줘요,1
수시 학교생활기록부 반영비율에 대해서 알려줘,1
수시 학교생활기록부 반영비율에 대해서 알려주세요,1
수시 학교생활기록부 반영비율에 관해서 알려줘,1
수시 학교생활기록부 반영비율를 알려줘,1
학생부 반영비율,1
학생부 반영비율 알려줘,1
학생부 반영비율 알려주세요,1
학생부 반영비율 알려줘봐,1
학생부 반영비율 알려줘요,1
학생부 반영비율에 대해서 알려줘,1
학생부 반영비율에 대해서 알려주세요,1
학생부 반영비율에 관해서 알려줘,1
학생부 반영비율를 알려줘,1
생기부 반영비율,1
생기부 반영비율 알려줘,1
생기부 반영비율 알려주세요,1
생기부 반영비율 알려줘봐,1
생기부 반영비율 알려줘요,1
생기부 반영비율에 대해서 알려줘,1
생기부 반영비율에 대해서 알려주세요,1
생기부 반영비율에 관해서 알려줘,1
생기부 반영비율를 알려줘,1
생활기록부 반영비율,1
생활기록부 반영비율 알려줘,1
생활기록부 반영비율 알려주세요,1
생활기록부 반영비율 알려줘봐,1
생활기록부 반영비율 알려줘요,1
생활기록부 반영비율에 대해서 알려줘,1
생활기록부 반영비율에 대해서 알려주세요,1
생활기록부 반영비율에 관해서 알려줘,1
생활기록부 반영비율를 알려줘,1
학교생활기록부 반영비율,1
학교생활기록부 반영비율 알려줘,1
학교생활기록부 반영비율 알려주세요,1
학교생활기록부 반영비율 알려줘봐,1
학교생활기록부 반영비율 알려줘요,1
학교생활기록부 반영비율에 대해서 알려줘,1
학교생활기록부 반영비율에 대해서 알려주세요,1
학교생활기록부 반영비율에 관해서 알려줘,1
학교생활기록부 반영비율를 알려줘,1
수시 등급컷,1
수시 등급컷 알려줘,1
수시 등급컷 알려주세요,1
수시 등급컷 알려줘봐,1
수시 등급컷 알려줘요,1
수시 등급컷에 대해서 알려줘,1
수시 등급컷에 대해서 알려주세요,1
수시 등급컷에 관해서 알려줘,1
수시 등급컷를 알려줘,1
수시 전년도 등급컷,1
수시 전년도 등급컷 알려줘,1
수시 전년도 등급컷 알려주세요,1
수시 전년도 등급컷 알려줘봐,1
수시 전년도 등급컷 알려줘요,1
수시 전년도 등급컷에 대해서 알려줘,1
수시 전년도 등급컷에 대해서 알려주세요,1
수시 전년도 등급컷에 관해서 알려줘,1
수시 전년도 등급컷를 알려줘,1
수시 전년도등급컷,1
수시 전년도등급컷 알려줘,1
수시 전년도등급컷 알려주세요,1
수시 전년도등급컷 알려줘봐,1
수시 전년도등급컷 알려줘요,1
수시 전년도등급컷에 대해서 알려줘,1
수시 전년도등급컷에 대해서 알려주세요,1
수시 전년도등급컷에 관해서 알려줘,1
수시 전년도등급컷를 알려줘,1
수시 작년도 등급컷,1
수시 작년도 등급컷 알려줘,1
수시 작년도 등급컷 알려주세요,1
수시 작년도 등급컷 알려줘봐,1
수시 작년도 등급컷 알려줘요,1
수시 작년도 등급컷에 대해서 알려줘,1
수시 작년도 등급컷에 대해서 알려주세요,1
수시 작년도 등급컷에 관해서 알려줘,1
수시 작년도 등급컷를 알려줘,1
수시 작년도등급컷,1
수시 작년도등급컷 알려줘,1
수시 작년도등급컷 알려주세요,1
수시 작년도등급컷 알려줘봐,1
수시 작년도등급컷 알려줘요,1
수시 작년도등급컷에 대해서 알려줘,1
수시 작년도등급컷에 대해서 알려주세요,1
수시 작년도등급컷에 관해서 알려줘,1
수시 작년도등급컷를 알려줘,1
수시 종합전형,1
수시 종합전형 알려줘,1
수시 종합전형 알려주세요,1
수시 종합전형 알려줘봐,1
수시 종합전형 알려줘요,1
수시 종합전형에 대해서 알려줘,1
수시 종합전형에 대해서 알려주세요,1
수시 종합전형에 관해서 알려줘,1
수시 종합전형를 알려줘,1
수시 종합,1
수시 종합 알려줘,1
수시 종합 알려주세요,1
수시 종합 알려줘봐,1
수시 종합 알려줘요,1
수시 종합에 대해서 알려줘,1
수시 종합에 대해서 알려주세요,1
수시 종합에 관해서 알려줘,1
수시 종합를 알려줘,1
종합전형,1
종합전형 알려줘,1
종합전형 알려주세요,1
종합전형 알려줘봐,1
종합전형 알려줘요,1
종합전형에 대해서 알려줘,1
종합전형에 대해서 알려주세요,1
종합전형에 관해서 알려줘,1
종합전형를 알려줘,1
종합,1
종합 알려줘,1
종합 알려주세요,1
종합 알려줘봐,1
종합 알려줘요,1
종합에 대해서 알려줘,1
종합에 대해서 알려주세요,1
종합에 관해서 알려줘,1
종합를 알려줘,1
수시 종합전형1,1
수시 종합전형1 알려줘,1
수시 종합전형1 알려주세요,1
수시 종합전형1 알려줘봐,1
수시 종합전형1 알려줘요,1
수시 종합전형1에 대해서 알려줘,1
수시 종합전형1에 대해서 알려주세요,1
수시 종합전형1에 관해서 알려줘,1
수시 종합전형1를 알려줘,1
수시 종합1,1
수시 종합1 알려줘,1
수시 종합1 알려주세요,1
수시 종합1 알려줘봐,1
수시 종합1 알려줘요,1
수시 종합1에 대해서 알려줘,1
수시 종합1에 대해서 알려주세요,1
수시 종합1에 관해서 알려줘,1
수시 종합1를 알려줘,1
종합전형1,1
종합전형1 알려줘,1
종합전형1 알려주세요,1
종합전형1 알려줘봐,1
종합전형1 알려줘요,1
종합전형1에 대해서 알려줘,1
종합전형1에 대해서 알려주세요,1
종합전형1에 관해서 알려줘,1
종합전형1를 알려줘,1
종합1,1
종합1 알려줘,1
종합1 알려주세요,1
종합1 알려줘봐,1
종합1 알려줘요,1
종합1에 대해서 알려줘,1
종합1에 대해서 알려주세요,1
종합1에 관해서 알려줘,1
종합1를 알려줘,1
수시 종합전형2,1
수시 종합전형2 알려줘,1
수시 종합전형2 알려주세요,1
수시 종합전형2 알려줘봐,1
수시 종합전형2 알려줘요,1
수시 종합전형2에 대해서 알려줘,1
수시 종합전형2에 대해서 알려주세요,1
수시 종합전형2에 관해서 알려줘,1
수시 종합전형2를 알려줘,1
수시 종합2,1
수시 종합2 알려줘,1
수시 종합2 알려주세요,1
수시 종합2 알려줘봐,1
수시 종합2 알려줘요,1
수시 종합2에 대해서 알려줘,1
수시 종합2에 대해서 알려주세요,1
수시 종합2에 관해서 알려줘,1
수시 종합2를 알려줘,1
종합전형2,1
종합전형2 알려줘,1
종합전형2 알려주세요,1
종합전형2 알려줘봐,1
종합전형2 알려줘요,1
종합전형2에 대해서 알려줘,1
종합전형2에 대해서 알려주세요,1
종합전형2에 관해서 알려줘,1
종합전형2를 알려줘,1
종합2,1
종합2 알려줘,1
종합2 알려주세요,1
종합2 알려줘봐,1
종합2 알려줘요,1
종합2에 대해서 알려줘,1
종합2에 대해서 알려주세요,1
종합2에 관해서 알려줘,1
종합2를 알려줘,1
수시 소프트웨어인재 전형,1
수시 소프트웨어인재 전형 알려줘,1
수시 소프트웨어인재 전형 알려주세요,1
수시 소프트웨어인재 전형 알려줘봐,1
수시 소프트웨어인재 전형 알려줘요,1
수시 소프트웨어인재 전형에 대해서 알려줘,1
수시 소프트웨어인재 전형에 대해서 알려주세요,1
수시 소프트웨어인재 전형에 관해서 알려줘,1
수시 소프트웨어인재 전형를 알려줘,1
수시 소프트웨어인재,1
수시 소프트웨어인재 알려줘,1
수시 소프트웨어인재 알려주세요,1
수시 소프트웨어인재 알려줘봐,1
수시 소프트웨어인재 알려줘요,1
수시 소프트웨어인재에 대해서 알려줘,1
수시 소프트웨어인재에 대해서 알려주세요,1
수시 소프트웨어인재에 관해서 알려줘,1
수시 소프트웨어인재를 알려줘,1
수시 소프트웨어,1
수시 소프트웨어 알려줘,1
수시 소프트웨어 알려주세요,1
수시 소프트웨어 알려줘봐,1
수시 소프트웨어 알려줘요,1
수시 소프트웨어에 대해서 알려줘,1
수시 소프트웨어에 대해서 알려주세요,1
수시 소프트웨어에 관해서 알려줘,1
수시 소프트웨어를 알려줘,1
소프트웨어인재,1
소프트웨어인재 알려줘,1
소프트웨어인재 알려주세요,1
소프트웨어인재 알려줘봐,1
소프트웨어인재 알려줘요,1
소프트웨어인재에 대해서 알려줘,1
소프트웨어인재에 대해서 알려주세요,1
소프트웨어인재에 관해서 알려줘,1
소프트웨어인재를 알려줘,1
소프트웨어,1
소프트웨어 알려줘,1
소프트웨어 알려주세요,1
소프트웨어 알려줘봐,1
소프트웨어 알려줘요,1
소프트웨어에 대해서 알려줘,1
소프트웨어에 대해서 알려주세요,1
소프트웨어에 관해서 알려줘,1
소프트웨어를 알려줘,1
수시 면접,1
수시 면접 알려줘,1
수시 면접 알려주세요,1
수시 면접 알려줘봐,1
수시 면접 알려줘요,1
수시 면접에 대해서 알려줘,1
수시 면접에 대해서 알려주세요,1
수시 면접에 관해서 알려줘,1
수시 면접를 알려줘,1
수시 면접고사,1
수시 면접고사 알려줘,1
수시 면접고사 알려주세요,1
수시 면접고사 알려줘봐,1
수시 면접고사 알려줘요,1
수시 면접고사에 대해서 알려줘,1
수시 면접고사에 대해서 알려주세요,1
수시 면접고사에 관해서 알려줘,1
수시 면접고사를 알려줘,1
수시 면접일정,1
수시 면접일정 알려줘,1
수시 면접일정 알려주세요,1
수시 면접일정 알려줘봐,1
수시 면접일정 알려줘요,1
수시 면접일정에 대해서 알려줘,1
수시 면접일정에 대해서 알려주세요,1
수시 면접일정에 관해서 알려줘,1
수시 면접일정를 알려줘,1
수시 면접평가기준,1
수시 면접평가기준 알려줘,1
수시 면접평가기준 알려주세요,1
수시 면접평가기준 알려줘봐,1
수시 면접평가기준 알려줘요,1
수시 면접평가기준에 대해서 알려줘,1
수시 면접평가기준에 대해서 알려주세요,1
수시 면접평가기준에 관해서 알려줘,1
수시 면접평가기준를 알려줘,1
수시 면접고사일정 및 평가기준,1
수시 면접고사일정 및 평가기준 알려줘,1
수시 면접고사일정 및 평가기준 알려주세요,1
수시 면접고사일정 및 평가기준 알려줘봐,1
수시 면접고사일정 및 평가기준 알려줘요,1
수시 면접고사일정 및 평가기준에 대해서 알려줘,1
수시 면접고사일정 및 평가기준에 대해서 알려주세요,1
수시 면접고사일정 및 평가기준에 관해서 알려줘,1
수시 면접고사일정 및 평가기준를 알려줘,1
면접,1
면접 알려줘,1
면접 알려주세요,1
면접 알려줘봐,1
면접 알려줘요,1
면접에 대해서 알려줘,1
면접에 대해서 알려주세요,1
면접에 관해서 알려줘,1
면접를 알려줘,1
면접고사,1
면접고사 알려줘,1
면접고사 알려주세요,1
면접고사 알려줘봐,1
면접고사 알려줘요,1
면접고사에 대해서 알려줘,1
면접고사에 대해서 알려주세요,1
면접고사에 관해서 알려줘,1
면접고사를 알려줘,1
면접일정,1
면접일정 알려줘,1
면접일정 알려주세요,1
면접일정 알려줘봐,1
면접일정 알려줘요,1
면접일정에 대해서 알려줘,1
면접일정에 대해서 알려주세요,1
면접일정에 관해서 알려줘,1
면접일정를 알려줘,1
면접평가기준,1
면접평가기준 알려줘,1
면접평가기준 알려주세요,1
면접평가기준 알려줘봐,1
면접평가기준 알려줘요,1
면접평가기준에 대해서 알려줘,1
면접평가기준에 대해서 알려주세요,1
면접평가기준에 관해서 알려줘,1
면접평가기준를 알려줘,1
면접고사일정 및 평가기준,1
면접고사일정 및 평가기준 알려줘,1
면접고사일정 및 평가기준 알려주세요,1
면접고사일정 및 평가기준 알려줘봐,1
면접고사일정 및 평가기준 알려줘요,1
면접고사일정 및 평가기준에 대해서 알려줘,1
면접고사일정 및 평가기준에 대해서 알려주세요,1
면접고사일정 및 평가기준에 관해서 알려줘,1
면접고사일정 및 평가기준를 알려줘,1
수시 장학제도 안내,1
수시 장학제도 안내 알려줘,1
수시 장학제도 안내 알려주세요,1
수시 장학제도 안내 알려줘봐,1
수시 장학제도 안내 알려줘요,1
수시 장학제도 안내에 대해서 알려줘,1
수시 장학제도 안내에 대해서 알려주세요,1
수시 장학제도 안내에 관해서 알려줘,1
수시 장학제도 안내를 알려줘,1
수시 장학제도안내,1
수시 장학제도안내 알려줘,1
수시 장학제도안내 알려주세요,1
수시 장학제도안내 알려줘봐,1
수시 장학제도안내 알려줘요,1
수시 장학제도안내에 대해서 알려줘,1
수시 장학제도안내에 대해서 알려주세요,1
수시 장학제도안내에 관해서 알려줘,1
수시 장학제도안내를 알려줘,1
수시 장학제도,1
수시 장학제도 알려줘,1
수시 장학제도 알려주세요,1
수시 장학제도 알려줘봐,1
수시 장학제도 알려줘요,1
수시 장학제도에 대해서 알려줘,1
수시 장학제도에 대해서 알려주세요,1
수시 장학제도에 관해서 알려줘,1
수시 장학제도를 알려줘,1
수시 장학금 안내,1
수시 장학금 안내 알려줘,1
수시 장학금 안내 알려주세요,1
수시 장학금 안내 알려줘봐,1
수시 장학금 안내 알려줘요,1
수시 장학금 안내에 대해서 알려줘,1
수시 장학금 안내에 대해서 알려주세요,1
수시 장학금 안내에 관해서 알려줘,1
수시 장학금 안내를 알려줘,1
수시 장학금안내,1
수시 장학금안내 알려줘,1
수시 장학금안내 알려주세요,1
수시 장학금안내 알려줘봐,1
수시 장학금안내 알려줘요,1
수시 장학금안내에 대해서 알려줘,1
수시 장학금안내에 대해서 알려주세요,1
수시 장학금안내에 관해서 알려줘,1
수시 장학금안내를 알려줘,1
수시 장학금,1
수시 장학금 알려줘,1
수시 장학금 알려주세요,1
수시 장학금 알려줘봐,1
수시 장학금 알려줘요,1
수시 장학금에 대해서 알려줘,1
수시 장학금에 대해서 알려주세요,1
수시 장학금에 관해서 알려줘,1
수시 장학금를 알려줘,1
수시 합격자발표,1
수시 합격자발표 알려줘,1
수시 합격자발표 알려주세요,1
수시 합격자발표 알려줘봐,1
수시 합격자발표 알려줘요,1
수시 합격자발표에 대해서 알려줘,1
수시 합격자발표에 대해서 알려주세요,1
수시 합격자발표에 관해서 알려줘,1
수시 합격자발표를 알려줘,1
수시 합격자 발표,1
수시 합격자 발표 알려줘,1
수시 합격자 발표 알려주세요,1
수시 합격자 발표 알려줘봐,1
수시 합격자 발표 알려줘요,1
수시 합격자 발표에 대해서 알려줘,1
수시 합격자 발표에 대해서 알려주세요,1
수시 합격자 발표에 관해서 알려줘,1
수시 합격자 발표를 알려줘,1
수시 합격자 조회,1
수시 합격자 조회 알려줘,1
수시 합격자 조회 알려주세요,1
수시 합격자 조회 알려줘봐,1
수시 합격자 조회 알려줘요,1
수시 합격자 조회에 대해서 알려줘,1
수시 합격자 조회에 대해서 알려주세요,1
수시 합격자 조회에 관해서 알려줘,1
수시 합격자 조회를 알려줘,1
수시 합격자조회,1
수시 합격자조회 알려줘,1
수시 합격자조회 알려주세요,1
수시 합격자조회 알려줘봐,1
수시 합격자조회 알려줘요,1
수시 합격자조회에 대해서 알려줘,1
수시 합격자조회에 대해서 알려주세요,1
수시 합격자조회에 관해서 알려줘,1
수시 합격자조회를 알려줘,1
수시 1차,1
수시 1차 알려줘,1
수시 1차 알려주세요,1
수시 1차 알려줘봐,1
수시 1차 알려줘요,1
수시 1차에 대해서 알려줘,1
수시 1차에 대해서 알려주세요,1
수시 1차에 관해서 알려줘,1
수시 1차를 알려줘,1
수시 1차 합격자,1
수시 1차 합격자 알려줘,1
수시 1차 합격자 알려주세요,1
수시 1차 합격자 알려줘봐,1
수시 1차 합격자 알려줘요,1
수시 1차 합격자에 대해서 알려줘,1
수시 1차 합격자에 대해서 알려주세요,1
수시 1차 합격자에 관해서 알려줘,1
수시 1차 합격자를 알려줘,1
1차,1
1차 알려줘,1
1차 알려주세요,1
1차 알려줘봐,1
1차 알려줘요,1
1차에 대해서 알려줘,1
1차에 대해서 알려주세요,1
1차에 관해서 알려줘,1
1차를 알려줘,1
1차 합격자,1
1차 합격자 알려줘,1
1차 합격자 알려주세요,1
1차 합격자 알려줘봐,1
1차 합격자 알려줘요,1
1차 합격자에 대해서 알려줘,1
1차 합격자에 대해서 알려주세요,1
1차 합격자에 관해서 알려줘,1
1차 합격자를 알려줘,1
수시 최종 합격자 조회,1
수시 최종 합격자 조회 알려줘,1
수시 최종 합격자 조회 알려주세요,1
수시 최종 합격자 조회 알려줘봐,1
수시 최종 합격자 조회 알려줘요,1
수시 최종 합격자 조회에 대해서 알려줘,1
수시 최종 합격자 조회에 대해서 알려주세요,1
수시 최종 합격자 조회에 관해서 알려줘,1
수시 최종 합격자 조회를 알려줘,1
수시 최종,1
수시 최종 알려줘,1
수시 최종 알려주세요,1
수시 최종 알려줘봐,1
수시 최종 알려줘요,1
수시 최종에 대해서 알려줘,1
수시 최종에 대해서 알려주세요,1
수시 최종에 관해서 알려줘,1
수시 최종를 알려줘,1
수시 최종 합격자,1
수시 최종 합격자 알려줘,1
수시 최종 합격자 알려주세요,1
수시 최종 합격자 알려줘봐,1
수시 최종 합격자 알려줘요,1
수시 최종 합격자에 대해서 알려줘,1
수시 최종 합격자에 대해서 알려주세요,1
수시 최종 합격자에 관해서 알려줘,1
수시 최종 합격자를 알려줘,1
수시 고지서,1
수시 고지서 알려줘,1
수시 고지서 알려주세요,1
수시 고지서 알려줘봐,1
수시 고지서 알려줘요,1
수시 고지서에 대해서 알려줘,1
수시 고지서에 대해서 알려주세요,1
수시 고지서에 관해서 알려줘,1
수시 고지서를 알려줘,1
수시 성적,1
수시 성적 알려줘,1
수시 성적 알려주세요,1
수시 성적 알려줘봐,1
수시 성적 알려줘요,1
수시 성적에 대해서 알려줘,1
수시 성적에 대해서 알려주세요,1
수시 성적에 관해서 알려줘,1
수시 성적를 알려줘,1
수시 성적산출,1
수시 성적산출 알려줘,1
수시 성적산출 알려주세요,1
수시 성적산출 알려줘봐,1
수시 성적산출 알려줘요,1
수시 성적산출에 대해서 알려줘,1
수시 성적산출에 대해서 알려주세요,1
수시 성적산출에 관해서 알려줘,1
수시 성적산출를 알려줘,1
성적,1
성적 알려줘,1
성적 알려주세요,1
성적 알려줘봐,1
성적 알려줘요,1
성적에 대해서 알려줘,1
성적에 대해서 알려주세요,1
성적에 관해서 알려줘,1
성적를 알려줘,1
성적산출,1
성적산출 알려줘,1
성적산출 알려주세요,1
성적산출 알려줘봐,1
성적산출 알려줘요,1
성적산출에 대해서 알려줘,1
성적산출에 대해서 알려주세요,1
성적산출에 관해서 알려줘,1
성적산출를 알려줘,1
정시,2
정시 알려줘,2
정시 알려주세요,2
정시 알려줘봐,2
정시 알려줘요,2
정시에 대해서 알려줘,2
정시에 대해서 알려주세요,2
정시에 관해서 알려줘,2
정시를 알려줘,2
정시전형 안내하기,2
정시전형 안내하기 알려줘,2
정시전형 안내하기 알려주세요,2
정시전형 안내하기 알려줘봐,2
정시전형 안내하기 알려줘요,2
정시전형 안내하기에 대해서 알려줘,2
정시전형 안내하기에 대해서 알려주세요,2
정시전형 안내하기에 관해서 알려줘,2
정시전형 안내하기를 알려줘,2
정시 전형일정 및 모집인원 안내,2
정시 전형일정 및 모집인원 안내 알려줘,2
정시 전형일정 및 모집인원 안내 알려주세요,2
정시 전형일정 및 모집인원 안내 알려줘봐,2
정시 전형일정 및 모집인원 안내 알려줘요,2
정시 전형일정 및 모집인원 안내에 대해서 알려줘,2
정시 전형일정 및 모집인원 안내에 대해서 알려주세요,2
정시 전형일정 및 모집인원 안내에 관해서 알려줘,2
정시 전형일정 및 모집인원 안내를 알려줘,2
정시 전형유형별 지원안내,2
정시 전형유형별 지원안내 알려줘,2
정시 전형유형별 지원안내 알려주세요,2
정시 전형유형별 지원안내 알려줘봐,2
정시 전형유형별 지원안내 알려줘요,2
정시 전형유형별 지원안내에 대해서 알려줘,2
정시 전형유형별 지원안내에 대해서 알려주세요,2
정시 전형유형별 지원안내에 관해서 알려줘,2
정시 전형유형별 지원안내를 알려줘,2
입학원서접수 및 전형료안내,2
입학원서접수 및 전형료안내 알려줘,2
입학원서접수 및 전형료안내 알려주세요,2
입학원서접수 및 전형료안내 알려줘봐,2
입학원서접수 및 전형료안내 알려줘요,2
입학원서접수 및 전형료안내에 대해서 알려줘,2
입학원서접수 및 전형료안내에 대해서 알려주세요,2
입학원서접수 및 전형료안내에 관해서 알려줘,2
입학원서접수 및 전형료안내를 알려줘,2
입학원서 접수 및 전형료 안내,2
입학원서 접수 및 전형료 안내 알려줘,2
입학원서 접수 및 전형료 안내 알려주세요,2
입학원서 접수 및 전형료 안내 알려줘봐,2
입학원서 접수 및 전형료 안내 알려줘요,2
입학원서 접수 및 전형료 안내에 대해서 알려줘,2
입학원서 접수 및 전형료 안내에 대해서 알려주세요,2
입학원서 접수 및 전형료 안내에 관해서 알려줘,2
입학원서 접수 및 전형료 안내를 알려줘,2
정시 전형일정,2
정시 전형일정 알려줘,2
정시 전형일정 알려주세요,2
정시 전형일정 알려줘봐,2
정시 전형일정 알려줘요,2
정시 전형일정에 대해서 알려줘,2
정시 전형일정에 대해서 알려주세요,2
정시 전형일정에 관해서 알려줘,2
정시 전형일정를 알려줘,2
정시 전형,2
정시 전형 알려줘,2
정시 전형 알려주세요,2
정시 전형 알려줘봐,2
정시 전형 알려줘요,2
정시 전형에 대해서 알려줘,2
정시 전형에 대해서 알려주세요,2
정시 전형에 관해서 알려줘,2
정시 전형를 알려줘,2
정시 일정,2
정시 일정 알려줘,2
정시 일정 알려주세요,2
정시 일정 알려줘봐,2
정시 일정 알려줘요,2
정시 일정에 대해서 알려줘,2
정시 일정에 대해서 알려주세요,2
정시 일정에 관해서 알려줘,2
정시 일정를 알려줘,2
정시 모집인원,2
정시 모집인원 알려줘,2
정시 모집인원 알려주세요,2
정시 모집인원 알려줘봐,2
정시 모집인원 알려줘요,2
정시 모집인원에 대해서 알려줘,2
정시 모집인원에 대해서 알려주세요,2
정시 모집인원에 관해서 알려줘,2
정시 모집인원를 알려줘,2
정시 모집,2
정시 모집 알려줘,2
정시 모집 알려주세요,2
정시 모집 알려줘봐,2
정시 모집 알려줘요,2
정시 모집에 대해서 알려줘,2
정시 모집에 대해서 알려주세요,2
정시 모집에 관해서 알려줘,2
정시 모집를 알려줘,2
정시 인원,2
정시 인원 알려줘,2
정시 인원 알려주세요,2
정시 인원 알려줘봐,2
정시 인원 알려줘요,2
정시 인원에 대해서 알려줘,2
정시 인원에 대해서 알려주세요,2
정시 인원에 관해서 알려줘,2
정시 인원를 알려줘,2
정시 일반전형,2
정시 일반전형 알려줘,2
정시 일반전형 알려주세요,2
정시 일반전형 알려줘봐,2
정시 일반전형 알려줘요,2
정시 일반전형에 대해서 알려줘,2
정시 일반전형에 대해서 알려주세요,2
정시 일반전형에 관해서 알려줘,2
정시 일반전형를 알려줘,2
정시 일반,2
정시 일반 알려줘,2
정시 일반 알려주세요,2
정시 일반 알려줘봐,2
정시 일반 알려줘요,2
정시 일반에 대해서 알려줘,2
정시 일반에 대해서 알려주세요,2
정시 일반에 관해서 알려줘,2
정시 일반를 알려줘,2
정시 일반 가,2
정시 일반 가 알려줘,2
정시 일반 가 알려주세요,2
정시 일반 가 알려줘봐,2
정시 일반 가 알려줘요,2
정시 일반 가에 대해서 알려줘,2
정시 일반 가에 대해서 알려주세요,2
정시 일반 가에 관해서 알려줘,2
정시 일반 가를 알려줘,2
정시 일반 가군,2
정시 일반 가군 알려줘,2
정시 일반 가군 알려주세요,2
정시 일반 가군 알려줘봐,2
정시 일반 가군 알려줘요,2
정시 일반 가군에 대해서 알려줘,2
정시 일반 가군에 대해서 알려주세요,2
정시 일반 가군에 관해서 알려줘,2
정시 일반 가군를 알려줘,2
정시 일반 나,2
정시 일반 나 알려줘,2
정시 일반 나 알려주세요,2
정시 일반 나 알려줘봐,2
정시 일반 나 알려줘요,2
정시 일반 나에 대해서 알려줘,2
정시 일반 나에 대해서 알려주세요,2
정시 일반 나에 관해서 알려줘,2
정시 일반 나를 알려줘,2
정시 일반 나군,2
정시 일반 나군 알려줘,2
정시 일반 나군 알려주세요,2
정시 일반 나군 알려줘봐,2
정시 일반 나군 알려줘요,2
정시 일반 나군에 대해서 알려줘,2
정시 일반 나군에 대해서 알려주세요,2
정시 일반 나군에 관해서 알려줘,2
정시 일반 나군를 알려줘,2
정시 일반 다,2
정시 일반 다 알려줘,2
정시 일반 다 알려주세요,2
정시 일반 다 알려줘봐,2
정시 일반 다 알려줘요,2
정시 일반 다에 대해서 알려줘,2
정시 일반 다에 대해서 알려주세요,2
정시 일반 다에 관해서 알려줘,2
정시 일반 다를 알려줘,2
정시 일반 다군,2
정시 일반 다군 알려줘,2
정시 일반 다군 알려주세요,2
정시 일반 다군 알려줘봐,2
정시 일반 다군 알려줘요,2
정시 일반 다군에 대해서 알려줘,2
정시 일반 다군에 대해서 알려주세요,2
정시 일반 다군에 관해서 알려줘,2
정시 일반 다군를 알려줘,2
일반 가,2
일반 가 알려줘,2
일반 가 알려주세요,2
일반 가 알려줘봐,2
일반 가 알려줘요,2
일반 가에 대해서 알려줘,2
일반 가에 대해서 알려주세요,2
일반 가에 관해서 알려줘,2
일반 가를 알려줘,2
일반 가군,2
일반 가군 알려줘,2
일반 가군 알려주세요,2
일반 가군 알려줘봐,2
일반 가군 알려줘요,2
일반 가군에 대해서 알려줘,2
일반 가군에 대해서 알려주세요,2
일반 가군에 관해서 알려줘,2
일반 가군를 알려줘,2
일반 나,2
일반 나 알려줘,2
일반 나 알려주세요,2
일반 나 알려줘봐,2
일반 나 알려줘요,2
일반 나에 대해서 알려줘,2
일반 나에 대해서 알려주세요,2
일반 나에 관해서 알려줘,2
일반 나를 알려줘,2
일반 나군,2
일반 나군 알려줘,2
일반 나군 알려주세요,2
일반 나군 알려줘봐,2
일반 나군 알려줘요,2
일반 나군에 대해서 알려줘,2
일반 나군에 대해서 알려주세요,2
일반 나군에 관해서 알려줘,2
일반 나군를 알려줘,2
일반 다,2
일반 다 알려줘,2
일반 다 알려주세요,2
일반 다 알려줘봐,2
일반 다 알려줘요,2
일반 다에 대해서 알려줘,2
일반 다에 대해서 알려주세요,2
일반 다에 관해서 알려줘,2
일반 다를 알려줘,2
일반 다군,2
일반 다군 알려줘,2
일반 다군 알려주세요,2
일반 다군 알려줘봐,2
일반 다군 알려줘요,2
일반 다군에 대해서 알려줘,2
일반 다군에 대해서 알려주세요,2
일반 다군에 관해서 알려줘,2
일반 다군를 알려줘,2
정시 학생부위주,2
정시 학생부위주 알려줘,2
정시 학생부위주 알려주세요,2
정시 학생부위주 알려줘봐,2
정시 학생부위주 알려줘요,2
정시 학생부위주에 대해서 알려줘,2
정시 학생부위주에 대해서 알려주세요,2
정시 학생부위주에 관해서 알려줘,2
정시 학생부위주를 알려줘,2
정시 학생부,2
정시 학생부 알려줘,2
정시 학생부 알려주세요,2
정시 학생부 알려줘봐,2
정시 학생부 알려줘요,2
정시 학생부에 대해서 알려줘,2
정시 학생부에 대해서 알려주세요,2
정시 학생부에 관해서 알려줘,2
정시 학생부를 알려줘,2
정시 학생,2
정시 학생 알려줘,2
정시 학생 알려주세요,2
정시 학생 알려줘봐,2
정시 학생 알려줘요,2
정시 학생에 대해서 알려줘,2
정시 학생에 대해서 알려주세요,2
정시 학생에 관해서 알려줘,2
정시 학생를 알려줘,2
학생부위주,2
학생부위주 알려줘,2
학생부위주 알려주세요,2
학생부위주 알려줘봐,2
학생부위주 알려줘요,2
학생부위주에 대해서 알려줘,2
학생부위주에 대해서 알려주세요,2
학생부위주에 관해서 알려줘,2
학생부위주를 알려줘,2
학생부,2
학생부 알려줘,2
학생부 알려주세요,2
학생부 알려줘봐,2
학생부 알려줘요,2
학생부에 대해서 알려줘,2
학생부에 대해서 알려주세요,2
학생부에 관해서 알려줘,2
학생부를 알려줘,2
학생,2
학생 알려줘,2
학생 알려주세요,2
학생 알려줘봐,2
학생 알려줘요,2
학생에 대해서 알려줘,2
학생에 대해서 알려주세요,2
학생에 관해서 알려줘,2
학생를 알려줘,2
정시 농어촌학생,2
정시 농어촌학생 알려줘,2
정시 농어촌학생 알려주세요,2
정시 농어촌학생 알려줘봐,2
정시 농어촌학생 알려줘요,2
정시 농어촌학생에 대해서 알려줘,2
정시 농어촌학생에 대해서 알려주세요,2
정시 농어촌학생에 관해서 알려줘,2
정시 농어촌학생를 알려줘,2
정시 농어촌,2
정시 농어촌 알려줘,2
정시 농어촌 알려주세요,2
정시 농어촌 알려줘봐,2
정시 농어촌 알려줘요,2
정시 농어촌에 대해서 알려줘,2
정시 농어촌에 대해서 알려주세요,2
정시 농어촌에 관해서 알려줘,2
정시 농어촌를 알려줘,2
정시 특성화고교졸업자,2
정시 특성화고교졸업자 알려줘,2
정시 특성화고교졸업자 알려주세요,2
정시 특성화고교졸업자 알려줘봐,2
정시 특성화고교졸업자 알려줘요,2
정시 특성화고교졸업자에 대해서 알려줘,2
정시 특성화고교졸업자에 대해서 알려주세요,2
정시 특성화고교졸업자에 관해서 알려줘,2
정시 특성화고교졸업자를 알려줘,2
정시 특성화,2
정시 특성화 알려줘,2
정시 특성화 알려주세요,2
정시 특성화 알려줘봐,2
정시 특성화 알려줘요,2
정시 특성화에 대해서 알려줘,2
정시 특성화에 대해서 알려주세요,2
정시 특성화에 관해서 알려줘,2
정시 특성화를 알려줘,2
정시 기초생활수급자 및 차상위계층,2
정시 기초생활수급자 및 차상위계층 알려줘,2
정시 기초생활수급자 및 차상위계층 알려주세요,2
정시 기초생활수급자 및 차상위계층 알려줘봐,2
정시 기초생활수급자 및 차상위계층 알려줘요,2
정시 기초생활수급자 및 차상위계층에 대해서 알려줘,2
정시 기초생활수급자 및 차상위계층에 대해서 알려주세요,2
정시 기초생활수급자 및 차상위계층에 관해서 알려줘,2
정시 기초생활수급자 및 차상위계층를 알려줘,2
정시 기초생활수급자,2
정시 기초생활수급자 알려줘,2
정시 기초생활수급자 알려주세요,2
정시 기초생활수급자 알려줘봐,2
정시 기초생활수급자 알려줘요,2
정시 기초생활수급자에 대해서 알려줘,2
정시 기초생활수급자에 대해서 알려주세요,2
정시 기초생활수급자에 관해서 알려줘,2
정시 기초생활수급자를 알려줘,2
정시 기초생활,2
정시 기초생활 알려줘,2
정시 기초생활 알려주세요,2
정시 기초생활 알려줘봐,2
정시 기초생활 알려줘요,2
정시 기초생활에 대해서 알려줘,2
정시 기초생활에 대해서 알려주세요,2
정시 기초생활에 관해서 알려줘,2
정시 기초생활를 알려줘,2
정시 기초,2
정시 기초 알려줘,2
정시 기초 알려주세요,2
정시 기초 알려줘봐,2
정시 기초 알려줘요,2
정시 기초에 대해서 알려줘,2
정시 기초에 대해서 알려주세요,2
정시 기초에 관해서 알려줘,2
정시 기초를 알려줘,2
정시 특수교육대상자,2
정시 특수교육대상자 알려줘,2
정시 특수교육대상자 알려주세요,2
정시 특수교육대상자 알려줘봐,2
정시 특수교육대상자 알려줘요,2
정시 특수교육대상자에 대해서 알려줘,2
정시 특수교육대상자에 대해서 알려주세요,2
정시 특수교육대상자에 관해서 알려줘,2
정시 특수교육대상자를 알려줘,2
정시 특수교육,2
정시 특수교육 알려줘,2
정시 특수교육 알려주세요,2
정시 특수교육 알려줘봐,2
정시 특수교육 알려줘요,2
정시 특수교육에 대해서 알려줘,2
정시 특수교육에 대해서 알려주세요,2
정시 특수교육에 관해서 알려줘,2
정시 특수교육를 알려줘,2
특수교육대상자,2
특수교육대상자 알려줘,2
특수교육대상자 알려주세요,2
특수교육대상자 알려줘봐,2
특수교육대상자 알려줘요,2
특수교육대상자에 대해서 알려줘,2
특수교육대상자에 대해서 알려주세요,2
특수교육대상자에 관해서 알려줘,2
특수교육대상자를 알려줘,2
특수교육,2
특수교육 알려줘,2
특수교육 알려주세요,2
특수교육 알려줘봐,2
특수교육 알려줘요,2
특수교육에 대해서 알려줘,2
특수교육에 대해서 알려주세요,2
특수교육에 관해서 알려줘,2
특수교육를 알려줘,2
정시 수능시험 점수,2
정시 수능시험 점수 알려줘,2
정시 수능시험 점수 알려주세요,2
정시 수능시험 점수 알려줘봐,2
정시 수능시험 점수 알려줘요,2
정시 수능시험 점수에 대해서 알려줘,2
정시 수능시험 점수에 대해서 알려주세요,2
정시 수능시험 점수에 관해서 알려줘,2
정시 수능시험 점수를 알려줘,2
정시 반영,2
정시 반영 알려줘,2
정시 반영 알려주세요,2
정시 반영 알려줘봐,2
정시 반영 알려줘요,2
정시 반영에 대해서 알려줘,2
정시 반영에 대해서 알려주세요,2
정시 반영에 관해서 알려줘,2
정시 반영를 알려줘,2
정시 점수 반영,2
정시 점수 반영 알려줘,2
정시 점수 반영 알려주세요,2
정시 점수 반영 알려줘봐,2
정시 점수 반영 알려줘요,2
정시 점수 반영에 대해서 알려줘,2
정시 점수 반영에 대해서 알려주세요,2
정시 점수 반영에 관해서 알려줘,2
정시 점수 반영를 알려줘,2
정시 점수,2
정시 점수 알려줘,2
정시 점수 알려주세요,2
정시 점수 알려줘봐,2
정시 점수 알려줘요,2
정시 점수에 대해서 알려줘,2
정시 점수에 대해서 알려주세요,2
정시 점수에 관해서 알려줘,2
정시 점수를 알려줘,2
정시 수능점수,2
정시 수능점수 알려줘,2
정시 수능점수 알려주세요,2
정시 수능점수 알려줘봐,2
정시 수능점수 알려줘요,2
정시 수능점수에 대해서 알려줘,2
정시 수능점수에 대해서 알려주세요,2
정시 수능점수에 관해서 알려줘,2
정시 수능점수를 알려줘,2
정시 수능 점수,2
정시 수능 점수 알려줘,2
정시 수능 점수 알려주세요,2
정시 수능 점수 알려줘봐,2
정시 수능 점수 알려줘요,2
정시 수능 점수에 대해서 알려줘,2
정시 수능 점수에 대해서 알려주세요,2
정시 수능 점수에 관해서 알려줘,2
정시 수능 점수를 알려줘,2
정시 수능점수반영,2
정시 수능점수반영 알려줘,2
정시 수능점수반영 알려주세요,2
정시 수능점수반영 알려줘봐,2
정시 수능점수반영 알려줘요,2
정시 수능점수반영에 대해서 알려줘,2
정시 수능점수반영에 대해서 알려주세요,2
정시 수능점수반영에 관해서 알려줘,2
정시 수능점수반영를 알려줘,2
정시 수능 점수 반영,2
정시 수능 점수 반영 알려줘,2
정시 수능 점수 반영 알려주세요,2
정시 수능 점수 반영 알려줘봐,2
정시 수능 점수 반영 알려줘요,2
정시 수능 점수 반영에 대해서 알려줘,2
정시 수능 점수 반영에 대해서 알려주세요,2
정시 수능 점수 반영에 관해서 알려줘,2
정시 수능 점수 반영를 알려줘,2
정시 수능시험 반영 방법 및 점수,2
정시 수능시험 반영 방법 및 점수 알려줘,2
정시 수능시험 반영 방법 및 점수 알려주세요,2
정시 수능시험 반영 방법 및 점수 알려줘봐,2
정시 수능시험 반영 방법 및 점수 알려줘요,2
정시 수능시험 반영 방법 및 점수에 대해서 알려줘,2
정시 수능시험 반영 방법 및 점수에 대해서 알려주세요,2
정시 수능시험 반영 방법 및 점수에 관해서 알려줘,2
정시 수능시험 반영 방법 및 점수를 알려줘,2
수능시험 점수,2
수능시험 점수 알려줘,2
수능시험 점수 알려주세요,2
수능시험 점수 알려줘봐,2
수능시험 점수 알려줘요,2
수능시험 점수에 대해서 알려줘,2
수능시험 점수에 대해서 알려주세요,2
수능시험 점수에 관해서 알려줘,2
수능시험 점수를 알려줘,2
반영,2
반영 알려줘,2
반영 알려주세요,2
반영 알려줘봐,2
반영 알려줘요,2
반영에 대해서 알려줘,2
반영에 대해서 알려주세요,2
반영에 관해서 알려줘,2
반영를 알려줘,2
점수 반영,2
점수 반영 알려줘,2
점수 반영 알려주세요,2
점수 반영 알려줘봐,2
점수 반영 알려줘요,2
점수 반영에 대해서 알려줘,2
점수 반영에 대해서 알려주세요,2
점수 반영에 관해서 알려줘,2
점수 반영를 알려줘,2
점수,2
점수 알려줘,2
점수 알려주세요,2
점수 알려줘봐,2
점수 알려줘요,2
점수에 대해서 알려줘,2
점수에 대해서 알려주세요,2
점수에 관해서 알려줘,2
점수를 알려줘,2
수능점수,2
수능점수 알려줘,2
수능점수 알려주세요,2
수능점수 알려줘봐,2
수능점수 알려줘요,2
수능점수에 대해서 알려줘,2
수능점수에 대해서 알려주세요,2
수능점수에 관해서 알려줘,2
수능점수를 알려줘,2
수능 점수,2
수능 점수 알려줘,2
수능 점수 알려주세요,2
수능 점수 알려줘봐,2
수능 점수 알려줘요,2
수능 점수에 대해서 알려줘,2
수능 점수에 대해서 알려주세요,2
수능 점수에 관해서 알려줘,2
수능 점수를 알려줘,2
수능점수반영,2
수능점수반영 알려줘,2
수능점수반영 알려주세요,2
수능점수반영 알려줘봐,2
수능점수반영 알려줘요,2
수능점수반영에 대해서 알려줘,2
수능점수반영에 대해서 알려주세요,2
수능점수반영에 관해서 알려줘,2
수능점수반영를 알려줘,2
수능 점수 반영,2
수능 점수 반영 알려줘,2
수능 점수 반영 알려주세요,2
수능 점수 반영 알려줘봐,2
수능 점수 반영 알려줘요,2
수능 점수 반영에 대해서 알려줘,2
수능 점수 반영에 대해서 알려주세요,2
수능 점수 반영에 관해서 알려줘,2
수능 점수 반영를 알려줘,2
수능시험 반영 방법 및 점수,2
수능시험 반영 방법 및 점수 알려줘,2
수능시험 반영 방법 및 점수 알려주세요,2
수능시험 반영 방법 및 점수 알려줘봐,2
수능시험 반영 방법 및 점수 알려줘요,2
수능시험 반영 방법 및 점수에 대해서 알려줘,2
수능시험 반영 방법 및 점수에 대해서 알려주세요,2
수능시험 반영 방법 및 점수에 관해서 알려줘,2
수능시험 반영 방법 및 점수를 알려줘,2
정시 등급컷,2
정시 등급컷 알려줘,2
정시 등급컷 알려주세요,2
정시 등급컷 알려줘봐,2
정시 등급컷 알려줘요,2
정시 등급컷에 대해서 알려줘,2
정시 등급컷에 대해서 알려주세요,2
정시 등급컷에 관해서 알려줘,2
정시 등급컷를 알려줘,2
정시 전년도 등급컷,2
정시 전년도 등급컷 알려줘,2
정시 전년도 등급컷 알려주세요,2
정시 전년도 등급컷 알려줘봐,2
정시 전년도 등급컷 알려줘요,2
정시 전년도 등급컷에 대해서 알려줘,2
정시 전년도 등급컷에 대해서 알려주세요,2
정시 전년도 등급컷에 관해서 알려줘,2
정시 전년도 등급컷를 알려줘,2
정시 전년도등급컷,2
정시 전년도등급컷 알려줘,2
정시 전년도등급컷 알려주세요,2
정시 전년도등급컷 알려줘봐,2
정시 전년도등급컷 알려줘요,2
정시 전년도등급컷에 대해서 알려줘,2
정시 전년도등급컷에 대해서 알려주세요,2
정시 전년도등급컷에 관해서 알려줘,2
정시 전년도등급컷를 알려줘,2
정시 작년도 등급컷,2
정시 작년도 등급컷 알려줘,2
정시 작년도 등급컷 알려주세요,2
정시 작년도 등급컷 알려줘봐,2
정시 작년도 등급컷 알려줘요,2
정시 작년도 등급컷에 대해서 알려줘,2
정시 작년도 등급컷에 대해서 알려주세요,2
정시 작년도 등급컷에 관해서 알려줘,2
정시 작년도 등급컷를 알려줘,2
정시 작년도등급컷,2
정시 작년도등급컷 알려줘,2
정시 작년도등급컷 알려주세요,2
정시 작년도등급컷 알려줘봐,2
정시 작년도등급컷 알려줘요,2
정시 작년도등급컷에 대해서 알려줘,2
정시 작년도등급컷에 대해서 알려주세요,2
정시 작년도등급컷에 관해서 알려줘,2
정시 작년도등급컷를 알려줘,2
정시 지원자격,2
정시 지원자격 알려줘,2
정시 지원자격 알려주세요,2
정시 지원자격 알려줘봐,2
정시 지원자격 알려줘요,2
정시 지원자격에 대해서 알려줘,2
정시 지원자격에 대해서 알려주세요,2
정시 지원자격에 관해서 알려줘,2
정시 지원자격를 알려줘,2
정시 지원방법,2
정시 지원방법 알려줘,2
정시 지원방법 알려주세요,2
정시 지원방법 알려줘봐,2
정시 지원방법 알려줘요,2
정시 지원방법에 대해서 알려줘,2
정시 지원방법에 대해서 알려주세요,2
정시 지원방법에 관해서 알려줘,2
정시 지원방법를 알려줘,2
정시 전형방법,2
정시 전형방법 알려줘,2
정시 전형방법 알려주세요,2
정시 전형방법 알려줘봐,2
정시 전형방법 알려줘요,2
정시 전형방법에 대해서 알려줘,2
정시 전형방법에 대해서 알려주세요,2
정시 전형방법에 관해서 알려줘,2
정시 전형방법를 알려줘,2
정시 합격자 안내,2
정시 합격자 안내 알려줘,2
정시 합격자 안내 알려주세요,2
정시 합격자 안내 알려줘봐,2
정시 합격자 안내 알려줘요,2
정시 합격자 안내에 대해서 알려줘,2
정시 합격자 안내에 대해서 알려주세요,2
정시 합격자 안내에 관해서 알려줘,2
정시 합격자 안내를 알려줘,2
정시 합격자발표,2
정시 합격자발표 알려줘,2
정시 합격자발표 알려주세요,2
정시 합격자발표 알려줘봐,2
정시 합격자발표 알려줘요,2
정시 합격자발표에 대해서 알려줘,2
정시 합격자발표에 대해서 알려주세요,2
정시 합격자발표에 관해서 알려줘,2
정시 합격자발표를 알려줘,2
정시 합격자 발표,2
정시 합격자 발표 알려줘,2
정시 합격자 발표 알려주세요,2
정시 합격자 발표 알려줘봐,2
정시 합격자 발표 알려줘요,2
정시 합격자 발표에 대해서 알려줘,2
정시 합격자 발표에 대해서 알려주세요,2
정시 합격자 발표에 관해서 알려줘,2
정시 합격자 발표를 알려줘,2
정시 최종 합격자 조회,2
정시 최종 합격자 조회 알려줘,2
정시 최종 합격자 조회 알려주세요,2
정시 최종 합격자 조회 알려줘봐,2
정시 최종 합격자 조회 알려줘요,2
정시 최종 합격자 조회에 대해서 알려줘,2
정시 최종 합격자 조회에 대해서 알려주세요,2
정시 최종 합격자 조회에 관해서 알려줘,2
정시 최종 합격자 조회를 알려줘,2
정시 최종 합격자,2
정시 최종 합격자 알려줘,2
정시 최종 합격자 알려주세요,2
정시 최종 합격자 알려줘봐,2
정시 최종 합격자 알려줘요,2
정시 최종 합격자에 대해서 알려줘,2
정시 최종 합격자에 대해서 알려주세요,2
정시 최종 합격자에 관해서 알려줘,2
정시 최종 합격자를 알려줘,2
정시 고지서,2
정시 고지서 알려줘,2
정시 고지서 알려주세요,2
정시 고지서 알려줘봐,2
정시 고지서 알려줘요,2
정시 고지서에 대해서 알려줘,2
정시 고지서에 대해서 알려주세요,2
정시 고지서에 관해서 알려줘,2
정시 고지서를 알려줘,2
정시 장학제도 안내,2
정시 장학제도 안내 알려줘,2
정시 장학제도 안내 알려주세요,2
정시 장학제도 안내 알려줘봐,2
정시 장학제도 안내 알려줘요,2
정시 장학제도 안내에 대해서 알려줘,2
정시 장학제도 안내에 대해서 알려주세요,2
정시 장학제도 안내에 관해서 알려줘,2
정시 장학제도 안내를 알려줘,2
정시 장학제도안내,2
정시 장학제도안내 알려줘,2
정시 장학제도안내 알려주세요,2
정시 장학제도안내 알려줘봐,2
정시 장학제도안내 알려줘요,2
정시 장학제도안내에 대해서 알려줘,2
정시 장학제도안내에 대해서 알려주세요,2
정시 장학제도안내에 관해서 알려줘,2
정시 장학제도안내를 알려줘,2
정시 장학제도,2
정시 장학제도 알려줘,2
정시 장학제도 알려주세요,2
정시 장학제도 알려줘봐,2
정시 장학제도 알려줘요,2
정시 장학제도에 대해서 알려줘,2
정시 장학제도에 대해서 알려주세요,2
정시 장학제도에 관해서 알려줘,2
정시 장학제도를 알려줘,2
정시 장학금 안내,2
정시 장학금 안내 알려줘,2
정시 장학금 안내 알려주세요,2
정시 장학금 안내 알려줘봐,2
정시 장학금 안내 알려줘요,2
정시 장학금 안내에 대해서 알려줘,2
정시 장학금 안내에 대해서 알려주세요,2
정시 장학금 안내에 관해서 알려줘,2
정시 장학금 안내를 알려줘,2
정시 장학금,2
정시 장학금 알려줘,2
정시 장학금 알려주세요,2
정시 장학금 알려줘봐,2
정시 장학금 알려줘요,2
정시 장학금에 대해서 알려줘,2
정시 장학금에 대해서 알려주세요,2
정시 장학금에 관해서 알려줘,2
정시 장학금를 알려줘,2
전공별 교육과정,3
전공별 교육과정 알려줘,3
전공별 교육과정 알려주세요,3
전공별 교육과정 알려줘봐,3
전공별 교육과정 알려줘요,3
전공별 교육과정에 대해서 알려줘,3
전공별 교육과정에 대해서 알려주세요,3
전공별 교육과정에 관해서 알려줘,3
전공별 교육과정를 알려줘,3
전공별 교육 과정,3
전공별 교육 과정 알려줘,3
전공별 교육 과정 알려주세요,3
전공별 교육 과정 알려줘봐,3
전공별 교육 과정 알려줘요,3
전공별 교육 과정에 대해서 알려줘,3
전공별 교육 과정에 대해서 알려주세요,3
전공별 교육 과정에 관해서 알려줘,3
전공별 교육 과정를 알려줘,3
학교생활 안내,3
학교생활 안내 알려줘,3
학교생활 안내 알려주세요,3
학교생활 안내 알려줘봐,3
학교생활 안내 알려줘요,3
학교생활 안내에 대해서 알려줘,3
학교생활 안내에 대해서 알려주세요,3
학교생활 안내에 관해서 알려줘,3
학교생활 안내를 알려줘,3
출석 성적 반영 방법,3
출석 성적 반영 방법 알려줘,3
출석 성적 반영 방법 알려주세요,3
출석 성적 반영 방법 알려줘봐,3
출석 성적 반영 방법 알려줘요,3
출석 성적 반영 방법에 대해서 알려줘,3
출석 성적 반영 방법에 대해서 알려주세요,3
출석 성적 반영 방법에 관해서 알려줘,3
출석 성적 반영 방법를 알려줘,3
출석 성적 반영 비율,3
출석 성적 반영 비율 알려줘,3
출석 성적 반영 비율 알려주세요,3
출석 성적 반영 비율 알려줘봐,3
출석 성적 반영 비율 알려줘요,3
출석 성적 반영 비율에 대해서 알려줘,3
출석 성적 반영 비율에 대해서 알려주세요,3
출석 성적 반영 비율에 관해서 알려줘,3
출석 성적 반영 비율를 알려줘,3
출석 성적 반영법,3
출석 성적 반영법 알려줘,3
출석 성적 반영법 알려주세요,3
출석 성적 반영법 알려줘봐,3
출석 성적 반영법 알려줘요,3
출석 성적 반영법에 대해서 알려줘,3
출석 성적 반영법에 대해서 알려주세요,3
출석 성적 반영법에 관해서 알려줘,3
출석 성적 반영법를 알려줘,3
솔브릿지학과,3
솔브릿지학과 알려줘,3
솔브릿지학과 알려주세요,3
솔브릿지학과 알려줘봐,3
솔브릿지학과 알려줘요,3
솔브릿지학과에 대해서 알려줘,3
솔브릿지학과에 대해서 알려주세요,3
솔브릿지학과에 관해서 알려줘,3
솔브릿지학과를 알려줘,3
AI학과,3
AI학과 알려줘,3
AI학과 알려주세요,3
AI학과 알려줘봐,3
AI학과 알려줘요,3
AI학과에 대해서 알려줘,3
AI학과에 대해서 알려주세요,3
AI학과에 관해서 알려줘,3
AI학과를 알려줘,3
빅데이터학과,3
빅데이터학과 알려줘,3
빅데이터학과 알려주세요,3
빅데이터학과 알려줘봐,3
빅데이터학과 알려줘요,3
빅데이터학과에 대해서 알려줘,3
빅데이터학과에 대해서 알려주세요,3
빅데이터학과에 관해서 알려줘,3
빅데이터학과를 알려줘,3
AI빅데이터학과,3
AI빅데이터학과 알려줘,3
AI빅데이터학과 알려주세요,3
AI빅데이터학과 알려줘봐,3
AI빅데이터학과 알려줘요,3
AI빅데이터학과에 대해서 알려줘,3
AI빅데이터학과에 대해서 알려주세요,3
AI빅데이터학과에 관해서 알려줘,3
AI빅데이터학과를 알려줘,3
호텔매니지먼트,3
호텔매니지먼트 알려줘,3
호텔매니지먼트 알려주세요,3
호텔매니지먼트 알려줘봐,3
호텔매니지먼트 알려줘요,3
호텔매니지먼트에 대해서 알려줘,3
호텔매니지먼트에 대해서 알려주세요,3
호텔매니지먼트에 관해서 알려줘,3
호텔매니지먼트를 알려줘,3
호텔매니지먼트학과,3
호텔매니지먼트학과 알려줘,3
호텔매니지먼트학과 알려주세요,3
호텔매니지먼트학과 알려줘봐,3
호텔매니지먼트학과 알려줘요,3
호텔매니지먼트학과에 대해서 알려줘,3
호텔매니지먼트학과에 대해서 알려주세요,3
호텔매니지먼트학과에 관해서 알려줘,3
호텔매니지먼트학과를 알려줘,3
호텔학과,3
호텔학과 알려줘,3
호텔학과 알려주세요,3
호텔학과 알려줘봐,3
호텔학과 알려줘요,3
호텔학과에 대해서 알려줘,3
호텔학과에 대해서 알려주세요,3
호텔학과에 관해서 알려줘,3
호텔학과를 알려줘,3
글로벌융합비즈니스학과,3
글로벌융합비즈니스학과 알려줘,3
글로벌융합비즈니스학과 알려주세요,3
글로벌융합비즈니스학과 알려줘봐,3
글로벌융합비즈니스학과 알려줘요,3
글로벌융합비즈니스학과에 대해서 알려줘,3
글로벌융합비즈니스학과에 대해서 알려주세요,3
글로벌융합비즈니스학과에 관해서 알려줘,3
글로벌융합비즈니스학과를 알려줘,3
글로벌융합비즈니스,3
글로벌융합비즈니스 알려줘,3
글로벌융합비즈니스 알려주세요,3
글로벌융합비즈니스 알려줘봐,3
글로벌융합비즈니스 알려줘요,3
글로벌융합비즈니스에 대해서 알려줘,3
글로벌융합비즈니스에 대해서 알려주세요,3
글로벌융합비즈니스에 관해서 알려줘,3
글로벌융합비즈니스를 알려줘,3
융합비즈니스학과,3
융합비즈니스학과 알려줘,3
융합비즈니스학과 알려주세요,3
융합비즈니스학과 알려줘봐,3
융합비즈니스학과 알려줘요,3
융합비즈니스학과에 대해서 알려줘,3
융합비즈니스학과에 대해서 알려주세요,3
융합비즈니스학과에 관해서 알려줘,3
융합비즈니스학과를 알려줘,3
융합비즈니스,3
융합비즈니스 알려줘,3
융합비즈니스 알려주세요,3
융합비즈니스 알려줘봐,3
융합비즈니스 알려줘요,3
융합비즈니스에 대해서 알려줘,3
융합비즈니스에 대해서 알려주세요,3
융합비즈니스에 관해서 알려줘,3
융합비즈니스를 알려줘,3
융합 경영,3
융합 경영 알려줘,3
융합 경영 알려주세요,3
융합 경영 알려줘봐,3
융합 경영 알려줘요,3
융합 경영에 대해서 알려줘,3
융합 경영에 대해서 알려주세요,3
융합 경영에 관해서 알려줘,3
융합 경영를 알려줘,3
융합 경영학과,3
융합 경영학과 알려줘,3
융합 경영학과 알려주세요,3
융합 경영학과 알려줘봐,3
융합 경영학과 알려줘요,3
융합 경영학과에 대해서 알려줘,3
융합 경영학과에 대해서 알려주세요,3
융합 경영학과에 관해서 알려줘,3
융합 경영학과를 알려줘,3
융합 세무 경영,3
융합 세무 경영 알려줘,3
융합 세무 경영 알려주세요,3
융합 세무 경영 알려줘봐,3
융합 세무 경영 알려줘요,3
융합 세무 경영에 대해서 알려줘,3
융합 세무 경영에 대해서 알려주세요,3
융합 세무 경영에 관해서 알려줘,3
융합 세무 경영를 알려줘,3
융합 세무 경영학과,3
융합 세무 경영학과 알려줘,3
융합 세무 경영학과 알려주세요,3
융합 세무 경영학과 알려줘봐,3
융합 세무 경영학과 알려줘요,3
융합 세무 경영학과에 대해서 알려줘,3
융합 세무 경영학과에 대해서 알려주세요,3
융합 세무 경영학과에 관해서 알려줘,3
융합 세무 경영학과를 알려줘,3
자율융합,3
자율융합 알려줘,3
자율융합 알려주세요,3
자율융합 알려줘봐,3
자율융합 알려줘요,3
자율융합에 대해서 알려줘,3
자율융합에 대해서 알려주세요,3
자율융합에 관해서 알려줘,3
자율융합를 알려줘,3
자율융합학과,3
자율융합학과 알려줘,3
자율융합학과 알려주세요,3
자율융합학과 알려줘봐,3
자율융합학과 알려줘요,3
자율융합학과에 대해서 알려줘,3
자율융합학과에 대해서 알려주세요,3
자율융합학과에 관해서 알려줘,3
자율융합학과를 알려줘,3
글로벌 철도,3
글로벌 철도 알려줘,3
글로벌 철도 알려주세요,3
글로벌 철도 알려줘봐,3
글로벌 철도 알려줘요,3
글로벌 철도에 대해서 알려줘,3
글로벌 철도에 대해서 알려주세요,3
글로벌 철도에 관해서 알려줘,3
글로벌 철도를 알려줘,3
글로벌 철도학과,3
글로벌 철도학과 알려줘,3
글로벌 철도학과 알려주세요,3
글로벌 철도학과 알려줘봐,3
글로벌 철도학과 알려줘요,3
글로벌 철도학과에 대해서 알려줘,3
글로벌 철도학과에 대해서 알려주세요,3
글로벌 철도학과에 관해서 알려줘,3
글로벌 철도학과를 알려줘,3
철도 건설,3
철도 건설 알려줘,3
철도 건설 알려주세요,3
철도 건설 알려줘봐,3
철도 건설 알려줘요,3
철도 건설에 대해서 알려줘,3
철도 건설에 대해서 알려주세요,3
철도 건설에 관해서 알려줘,3
철도 건설를 알려줘,3
철도 건설학과,3
철도 건설학과 알려줘,3
철도 건설학과 알려주세요,3
철도 건설학과 알려줘봐,3
철도 건설학과 알려줘요,3
철도 건설학과에 대해서 알려줘,3
철도 건설학과에 대해서 알려주세요,3
철도 건설학과에 관해서 알려줘,3
철도 건설학과를 알려줘,3
철도 경영,3
철도 경영 알려줘,3
철도 경영 알려주세요,3
철도 경영 알려줘봐,3
철도 경영 알려줘요,3
철도 경영에 대해서 알려줘,3
철도 경영에 대해서 알려주세요,3
철도 경영에 관해서 알려줘,3
철도 경영를 알려줘,3
철도 경영학과,3
철도 경영학과 알려줘,3
철도 경영학과 알려주세요,3
철도 경영학과 알려줘봐,3
철도 경영학과 알려줘요,3
철도 경영학과에 대해서 알려줘,3
철도 경영학과에 대해서 알려주세요,3
철도 경영학과에 관해서 알려줘,3
철도 경영학과를 알려줘,3
물류,3
물류 알려줘,3
물류 알려주세요,3
물류 알려줘봐,3
물류 알려줘요,3
물류에 대해서 알려줘,3
물류에 대해서 알려주세요,3
물류에 관해서 알려줘,3
물류를 알려줘,3
물류시스템,3
물류시스템 알려줘,3
물류시스템 알려주세요,3
물류시스템 알려줘봐,3
물류시스템 알려줘요,3
물류시스템에 대해서 알려줘,3
물류시스템에 대해서 알려주세요,3
물류시스템에 관해서 알려줘,3
물류시스템를 알려줘,3
물류시스템학과,3
물류시스템학과 알려줘,3
물류시스템학과 알려주세요,3
물류시스템학과 알려줘봐,3
물류시스템학과 알려줘요,3
물류시스템학과에 대해서 알려줘,3
물류시스템학과에 대해서 알려주세요,3
물류시스템학과에 관해서 알려줘,3
물류시스템학과를 알려줘,3
철도 전기,3
철도 전기 알려줘,3
철도 전기 알려주세요,3
철도 전기 알려줘봐,3
철도 전기 알려줘요,3
철도 전기에 대해서 알려줘,3
철도 전기에 대해서 알려주세요,3
철도 전기에 관해서 알려줘,3
철도 전기를 알려줘,3
철도 전기학과,3
철도 전기학과 알려줘,3
철도 전기학과 알려주세요,3
철도 전기학과 알려줘봐,3
철도 전기학과 알려줘요,3
철도 전기학과에 대해서 알려줘,3
철도 전기학과에 대해서 알려주세요,3
철도 전기학과에 관해서 알려줘,3
철도 전기학과를 알려줘,3
철도 전기시스템,3
철도 전기시스템 알려줘,3
철도 전기시스템 알려주세요,3
철도 전기시스템 알려줘봐,3
철도 전기시스템 알려줘요,3
철도 전기시스템에 대해서 알려줘,3
철도 전기시스템에 대해서 알려주세요,3
철도 전기시스템에 관해서 알려줘,3
철도 전기시스템를 알려줘,3
철도 전기시스템학과,3
철도 전기시스템학과 알려줘,3
철도 전기시스템학과 알려주세요,3
철도 전기시스템학과 알려줘봐,3
철도 전기시스템학과 알려줘요,3
철도 전기시스템학과에 대해서 알려줘,3
철도 전기시스템학과에 대해서 알려주세요,3
철도 전기시스템학과에 관해서 알려줘,3
철도 전기시스템학과를 알려줘,3
철도 소프트웨어,3
철도 소프트웨어 알려줘,3
철도 소프트웨어 알려주세요,3
철도 소프트웨어 알려줘봐,3
철도 소프트웨어 알려줘요,3
철도 소프트웨어에 대해서 알려줘,3
철도 소프트웨어에 대해서 알려주세요,3
철도 소프트웨어에 관해서 알려줘,3
철도 소프트웨어를 알려줘,3
철도 소프트웨어학과,3
철도 소프트웨어학과 알려줘,3
철도 소프트웨어학과 알려주세요,3
철도 소프트웨어학과 알려줘봐,3
철도 소프트웨어학과 알려줘요,3
철도 소프트웨어학과에 대해서 알려줘,3
철도 소프트웨어학과에 대해서 알려주세요,3
철도 소프트웨어학과에 관해서 알려줘,3
철도 소프트웨어학과를 알려줘,3
철도 차량,3
철도 차량 알려줘,3
철도 차량 알려주세요,3
철도 차량 알려줘봐,3
철도 차량 알려줘요,3
철도 차량에 대해서 알려줘,3
철도 차량에 대해서 알려주세요,3
철도 차량에 관해서 알려줘,3
철도 차량를 알려줘,3
철도 차량 학과,3
철도 차량 학과 알려줘,3
철도 차량 학과 알려주세요,3
철도 차량 학과 알려줘봐,3
철도 차량 학과 알려줘요,3
철도 차량 학과에 대해서 알려줘,3
철도 차량 학과에 대해서 알려주세요,3
철도 차량 학과에 관해서 알려줘,3
철도 차량 학과를 알려줘,3
철도 차량 시스템,3
철도 차량 시스템 알려줘,3
철도 차량 시스템 알려주세요,3
철도 차량 시스템 알려줘봐,3
철도 차량 시스템 알려줘요,3
철도 차량 시스템에 대해서 알려줘,3
철도 차량 시스템에 대해서 알려주세요,3
철도 차량 시스템에 관해서 알려줘,3
철도 차량 시스템를 알려줘,3
철도 차량 시스템 학과,3
철도 차량 시스템 학과 알려줘,3
철도 차량 시스템 학과 알려주세요,3
철도 차량 시스템 학과 알려줘봐,3
철도 차량 시스템 학과 알려줘요,3
철도 차량 시스템 학과에 대해서 알려줘,3
철도 차량 시스템 학과에 대해서 알려주세요,3
철도 차량 시스템 학과에 관해서 알려줘,3
철도 차량 시스템 학과를 알려줘,3
건축공학과,3
건축공학과 알려줘,3
건축공학과 알려주세요,3
건축공학과 알려줘봐,3
건축공학과 알려줘요,3
건축공학과에 대해서 알려줘,3
건축공학과에 대해서 알려주세요,3
건축공학과에 관해서 알려줘,3
건축공학과를 알려줘,3
글로벌 미디어,3
글로벌 미디어 알려줘,3
글로벌 미디어 알려주세요,3
글로벌 미디어 알려줘봐,3
글로벌 미디어 알려줘요,3
글로벌 미디어에 대해서 알려줘,3
글로벌 미디어에 대해서 알려주세요,3
글로벌 미디어에 관해서 알려줘,3
글로벌 미디어를 알려줘,3
글로벌 미디어학과,3
글로벌 미디어학과 알려줘,3
글로벌 미디어학과 알려주세요,3
글로벌 미디어학과 알려줘봐,3
글로벌 미디어학과 알려줘요,3
글로벌 미디어학과에 대해서 알려줘,3
글로벌 미디어학과에 대해서 알려주세요,3
글로벌 미디어학과에 관해서 알려줘,3
글로벌 미디어학과를 알려줘,3
글로벌 미디어영상,3
글로벌 미디어영상 알려줘,3
글로벌 미디어영상 알려주세요,3
글로벌 미디어영상 알려줘봐,3
글로벌 미디어영상 알려줘요,3
글로벌 미디어영상에 대해서 알려줘,3
글로벌 미디어영상에 대해서 알려주세요,3
글로벌 미디어영상에 관해서 알려줘,3
글로벌 미디어영상를 알려줘,3
글로벌 미디어영상학과,3
글로벌 미디어영상학과 알려줘,3
글로벌 미디어영상학과 알려주세요,3
글로벌 미디어영상학과 알려줘봐,3
글로벌 미디어영상학과 알려줘요,3
글로벌 미디어영상학과에 대해서 알려줘,3
글로벌 미디어영상학과에 대해서 알려주세요,3
글로벌 미디어영상학과에 관해서 알려줘,3
글로벌 미디어영상학과를 알려줘,3
게임멀티,3
게임멀티 알려줘,3
게임멀티 알려주세요,3
게임멀티 알려줘봐,3
게임멀티 알려줘요,3
게임멀티에 대해서 알려줘,3
게임멀티에 대해서 알려주세요,3
게임멀티에 관해서 알려줘,3
게임멀티를 알려줘,3
겜멀,3
겜멀 알려줘,3
겜멀 알려주세요,3
겜멀 알려줘봐,3
겜멀 알려줘요,3
겜멀에 대해서 알려줘,3
겜멀에 대해서 알려주세요,3
겜멀에 관해서 알려줘,3
겜멀를 알려줘,3
게임멀티미디어학과,3
게임멀티미디어학과 알려줘,3
게임멀티미디어학과 알려주세요,3
게임멀티미디어학과 알려줘봐,3
게임멀티미디어학과 알려줘요,3
게임멀티미디어학과에 대해서 알려줘,3
게임멀티미디어학과에 대해서 알려주세요,3
게임멀티미디어학과에 관해서 알려줘,3
게임멀티미디어학과를 알려줘,3
미디어디자인,3
미디어디자인 알려줘,3
미디어디자인 알려주세요,3
미디어디자인 알려줘봐,3
미디어디자인 알려줘요,3
미디어디자인에 대해서 알려줘,3
미디어디자인에 대해서 알려주세요,3
미디어디자인에 관해서 알려줘,3
미디어디자인를 알려줘,3
미디어디자인학과,3
미디어디자인학과 알려줘,3
미디어디자인학과 알려주세요,3
미디어디자인학과 알려줘봐,3
미디어디자인학과 알려줘요,3
미디어디자인학과에 대해서 알려줘,3
미디어디자인학과에 대해서 알려주세요,3
미디어디자인학과에 관해서 알려줘,3
미디어디자인학과를 알려줘,3
미디어디자인영상,3
미디어디자인영상 알려줘,3
미디어디자인영상 알려주세요,3
미디어디자인영상 알려줘봐,3
미디어디자인영상 알려줘요,3
미디어디자인영상에 대해서 알려줘,3
미디어디자인영상에 대해서 알려주세요,3
미디어디자인영상에 관해서 알려줘,3
미디어디자인영상를 알려줘,3
미디어디자인 영상학과,3
미디어디자인 영상학과 알려줘,3
미디어디자인 영상학과 알려주세요,3
미디어디자인 영상학과 알려줘봐,3
미디어디자인 영상학과 알려줘요,3
미디어디자인 영상학과에 대해서 알려줘,3
미디어디자인 영상학과에 대해서 알려주세요,3
미디어디자인 영상학과에 관해서 알려줘,3
미디어디자인 영상학과를 알려줘,3
컴정,3
컴정 알려줘,3
컴정 알려주세요,3
컴정 알려줘봐,3
컴정 알려줘요,3
컴정에 대해서 알려줘,3
컴정에 대해서 알려주세요,3
컴정에 관해서 알려줘,3
컴정를 알려줘,3
컴퓨터 정보보안 학과,3
컴퓨터 정보보안 학과 알려줘,3
컴퓨터 정보보안 학과 알려주세요,3
컴퓨터 정보보안 학과 알려줘봐,3
컴퓨터 정보보안 학과 알려줘요,3
컴퓨터 정보보안 학과에 대해서 알려줘,3
컴퓨터 정보보안 학과에 대해서 알려주세요,3
컴퓨터 정보보안 학과에 관해서 알려줘,3
컴퓨터 정보보안 학과를 알려줘,3
IT,3
IT 알려줘,3
IT 알려주세요,3
IT 알려줘봐,3
IT 알려줘요,3
IT에 대해서 알려줘,3
IT에 대해서 알려주세요,3
IT에 관해서 알려줘,3
IT를 알려줘,3
IT 학과,3
IT 학과 알려줘,3
IT 학과 알려주세요,3
IT 학과 알려줘봐,3
IT 학과 알려줘요,3
IT 학과에 대해서 알려줘,3
IT 학과에 대해서 알려주세요,3
IT 학과에 관해서 알려줘,3
IT 학과를 알려줘,3
IT보안,3
IT보안 알려줘,3
IT보안 알려주세요,3
IT보안 알려줘봐,3
IT보안 알려줘요,3
IT보안에 대해서 알려줘,3
IT보안에 대해서 알려주세요,3
IT보안에 관해서 알려줘,3
IT보안를 알려줘,3
IT보안 학과,3
IT보안 학과 알려줘,3
IT보안 학과 알려주세요,3
IT보안 학과 알려줘봐,3
IT보안 학과 알려줘요,3
IT보안 학과에 대해서 알려줘,3
IT보안 학과에 대해서 알려주세요,3
IT보안 학과에 관해서 알려줘,3
IT보안 학과를 알려줘,3
글로벌조리,3
글로벌조리 알려줘,3
글로벌조리 알려주세요,3
글로벌조리 알려줘봐,3
글로벌조리 알려줘요,3
글로벌조리에 대해서 알려줘,3
글로벌조리에 대해서 알려주세요,3
글로벌조리에 관해서 알려줘,3
글로벌조리를 알려줘,3
글로벌조리학과,3
글로벌조리학과 알려줘,3
글로벌조리학과 알려주세요,3
글로벌조리학과 알려줘봐,3
글로벌조리학과 알려줘요,3
글로벌조리학과에 대해서 알려줘,3
글로벌조리학과에 대해서 알려주세요,3
글로벌조리학과에 관해서 알려줘,3
글로벌조리학과를 알려줘,3
폴보퀴즈조리,3
폴보퀴즈조리 알려줘,3
폴보퀴즈조리 알려주세요,3
폴보퀴즈조리 알려줘봐,3
폴보퀴즈조리 알려줘요,3
폴보퀴즈조리에 대해서 알려줘,3
폴보퀴즈조리에 대해서 알려주세요,3
폴보퀴즈조리에 관해서 알려줘,3
폴보퀴즈조리를 알려줘,3
폴보퀴즈조리학과,3
폴보퀴즈조리학과 알려줘,3
폴보퀴즈조리학과 알려주세요,3
폴보퀴즈조리학과 알려줘봐,3
폴보퀴즈조리학과 알려줘요,3
폴보퀴즈조리학과에 대해서 알려줘,3
폴보퀴즈조리학과에 대해서 알려주세요,3
폴보퀴즈조리학과에 관해서 알려줘,3
폴보퀴즈조리학과를 알려줘,3
폴보,3
폴보 알려줘,3
폴보 알려주세요,3
폴보 알려줘봐,3
폴보 알려줘요,3
폴보에 대해서 알려줘,3
폴보에 대해서 알려주세요,3
폴보에 관해서 알려줘,3
폴보를 알려줘,3
글로벌외식,3
글로벌외식 알려줘,3
글로벌외식 알려주세요,3
글로벌외식 알려줘봐,3
글로벌외식 알려줘요,3
글로벌외식에 대해서 알려줘,3
글로벌외식에 대해서 알려주세요,3
글로벌외식에 관해서 알려줘,3
글로벌외식를 알려줘,3
글로벌외식학과,3
글로벌외식학과 알려줘,3
글로벌외식학과 알려주세요,3
글로벌외식학과 알려줘봐,3
글로벌외식학과 알려줘요,3
글로벌외식학과에 대해서 알려줘,3
글로벌외식학과에 대해서 알려주세요,3
글로벌외식학과에 관해서 알려줘,3
글로벌외식학과를 알려줘,3
글로벌외식창업,3
글로벌외식창업 알려줘,3
글로벌외식창업 알려주세요,3
글로벌외식창업 알려줘봐,3
글로벌외식창업 알려줘요,3
글로벌외식창업에 대해서 알려줘,3
글로벌외식창업에 대해서 알려주세요,3
글로벌외식창업에 관해서 알려줘,3
글로벌외식창업를 알려줘,3
글로벌외식창업학과,3
글로벌외식창업학과 알려줘,3
글로벌외식창업학과 알려주세요,3
글로벌외식창업학과 알려줘봐,3
글로벌외식창업학과 알려줘요,3
글로벌외식창업학과에 대해서 알려줘,3
글로벌외식창업학과에 대해서 알려주세요,3
글로벌외식창업학과에 관해서 알려줘,3
글로벌외식창업학과를 알려줘,3
글로벌외식창업전공,3
글로벌외식창업전공 알려줘,3
글로벌외식창업전공 알려주세요,3
글로벌외식창업전공 알려줘봐,3
글로벌외식창업전공 알려줘요,3
글로벌외식창업전공에 대해서 알려줘,3
글로벌외식창업전공에 대해서 알려주세요,3
글로벌외식창업전공에 관해서 알려줘,3
글로벌외식창업전공를 알려줘,3
외식조리,3
외식조리 알려줘,3
외식조리 알려주세요,3
외식조리 알려줘봐,3
외식조리 알려줘요,3
외식조리에 대해서 알려줘,3
외식조리에 대해서 알려주세요,3
외식조리에 관해서 알려줘,3
외식조리를 알려줘,3
외식조리학과,3
외식조리학과 알려줘,3
외식조리학과 알려주세요,3
외식조리학과 알려줘봐,3
외식조리학과 알려줘요,3
외식조리학과에 대해서 알려줘,3
외식조리학과에 대해서 알려주세요,3
외식조리학과에 관해서 알려줘,3
외식조리학과를 알려줘,3
외조,3
외조 알려줘,3
외조 알려주세요,3
외조 알려줘봐,3
외조 알려줘요,3
외조에 대해서 알려줘,3
외조에 대해서 알려주세요,3
외조에 관해서 알려줘,3
외조를 알려줘,3
한식,3
한식 알려줘,3
한식 알려주세요,3
한식 알려줘봐,3
한식 알려줘요,3
한식에 대해서 알려줘,3
한식에 대해서 알려주세요,3
한식에 관해서 알려줘,3
한식를 알려줘,3
한식조리,3
한식조리 알려줘,3
한식조리 알려주세요,3
한식조리 알려줘봐,3
한식조리 알려줘요,3
한식조리에 대해서 알려줘,3
한식조리에 대해서 알려주세요,3
한식조리에 관해서 알려줘,3
한식조리를 알려줘,3
한식조리학과,3
한식조리학과 알려줘,3
한식조리학과 알려주세요,3
한식조리학과 알려줘봐,3
한식조리학과 알려줘요,3
한식조리학과에 대해서 알려줘,3
한식조리학과에 대해서 알려주세요,3
한식조리학과에 관해서 알려줘,3
한식조리학과를 알려줘,3
한식조리과학,3
한식조리과학 알려줘,3
한식조리과학 알려주세요,3
한식조리과학 알려줘봐,3
한식조리과학 알려줘요,3
한식조리과학에 대해서 알려줘,3
한식조리과학에 대해서 알려주세요,3
한식조리과학에 관해서 알려줘,3
한식조리과학를 알려줘,3
한식조리과학학과,3
한식조리과학학과 알려줘,3
한식조리과학학과 알려주세요,3
한식조리과학학과 알려줘봐,3
한식조리과학학과 알려줘요,3
한식조리과학학과에 대해서 알려줘,3
한식조리과학학과에 대해서 알려주세요,3
한식조리과학학과에 관해서 알려줘,3
한식조리과학학과를 알려줘,3
외식조리경영,3
외식조리경영 알려줘,3
외식조리경영 알려주세요,3
외식조리경영 알려줘봐,3
외식조리경영 알려줘요,3
외식조리경영에 대해서 알려줘,3
외식조리경영에 대해서 알려주세요,3
외식조리경영에 관해서 알려줘,3
외식조리경영를 알려줘,3
외식조리경영학과,3
외식조리경영학과 알려줘,3
외식조리경영학과 알려주세요,3
외식조리경영학과 알려줘봐,3
외식조리경영학과 알려줘요,3
외식조리경영학과에 대해서 알려줘,3
외식조리경영학과에 대해서 알려주세요,3
외식조리경영학과에 관해서 알려줘,3
외식조리경영학과를 알려줘,3
외식조리영양,3
외식조리영양 알려줘,3
외식조리영양 알려주세요,3
외식조리영양 알려줘봐,3
외식조리영양 알려줘요,3
외식조리영양에 대해서 알려줘,3
외식조리영양에 대해서 알려주세요,3
외식조리영양에 관해서 알려줘,3
외식조리영양를 알려줘,3
외식조리영양학과,3
외식조리영양학과 알려줘,3
외식조리영양학과 알려주세요,3
외식조리영양학과 알려줘봐,3
외식조리영양학과 알려줘요,3
외식조리영양학과에 대해서 알려줘,3
외식조리영양학과에 대해서 알려주세요,3
외식조리영양학과에 관해서 알려줘,3
외식조리영양학과를 알려줘,3
호텔경영,3
호텔경영 알려줘,3
호텔경영 알려주세요,3
호텔경영 알려줘봐,3
호텔경영 알려줘요,3
호텔경영에 대해서 알려줘,3
호텔경영에 대해서 알려주세요,3
호텔경영에 관해서 알려줘,3
호텔경영를 알려줘,3
호텔경영학과,3
호텔경영학과 알려줘,3
호텔경영학과 알려주세요,3
호텔경영학과 알려줘봐,3
호텔경영학과 알려줘요,3
호텔경영학과에 대해서 알려줘,3
호텔경영학과에 대해서 알려주세요,3
호텔경영학과에 관해서 알려줘,3
호텔경영학과를 알려줘,3
호텔관광,3
호텔관광 알려줘,3
호텔관광 알려주세요,3
호텔관광 알려줘봐,3
호텔관광 알려줘요,3
호텔관광에 대해서 알려줘,3
호텔관광에 대해서 알려주세요,3
호텔관광에 관해서 알려줘,3
호텔관광를 알려줘,3
호텔관광학과,3
호텔관광학과 알려줘,3
호텔관광학과 알려주세요,3
호텔관광학과 알려줘봐,3
호텔관광학과 알려줘요,3
호텔관광학과에 대해서 알려줘,3
호텔관광학과에 대해서 알려주세요,3
호텔관광학과에 관해서 알려줘,3
호텔관광학과를 알려줘,3
호텔관광경영,3
호텔관광경영 알려줘,3
호텔관광경영 알려주세요,3
호텔관광경영 알려줘봐,3
호텔관광경영 알려줘요,3
호텔관광경영에 대해서 알려줘,3
호텔관광경영에 대해서 알려주세요,3
호텔관광경영에 관해서 알려줘,3
호텔관광경영를 알려줘,3
호텔관광경영학과,3
호텔관광경영학과 알려줘,3
호텔관광경영학과 알려주세요,3
호텔관광경영학과 알려줘봐,3
호텔관광경영학과 알려줘요,3
호텔관광경영학과에 대해서 알려줘,3
호텔관광경영학과에 대해서 알려주세요,3
호텔관광경영학과에 관해서 알려줘,3
호텔관광경영학과를 알려줘,3
사복,3
사복 알려줘,3
사복 알려주세요,3
사복 알려줘봐,3
사복 알려줘요,3
사복에 대해서 알려줘,3
사복에 대해서 알려주세요,3
사복에 관해서 알려줘,3
사복를 알려줘,3
사회복지,3
사회복지 알려줘,3
사회복지 알려주세요,3
사회복지 알려줘봐,3
사회복지 알려줘요,3
사회복지에 대해서 알려줘,3
사회복지에 대해서 알려주세요,3
사회복지에 관해서 알려줘,3
사회복지를 알려줘,3
사복학과,3
사복학과 알려줘,3
사복학과 알려주세요,3
사복학과 알려줘봐,3
사복학과 알려줘요,3
사복학과에 대해서 알려줘,3
사복학과에 대해서 알려주세요,3
사복학과에 관해서 알려줘,3
사복학과를 알려줘,3
사회복지학과,3
사회복지학과 알려줘,3
사회복지학과 알려주세요,3
사회복지학과 알려줘봐,3
사회복지학과 알려줘요,3
사회복지학과에 대해서 알려줘,3
사회복지학과에 대해서 알려주세요,3
사회복지학과에 관해서 알려줘,3
사회복지학과를 알려줘,3
작업치료학과,3
작업치료학과 알려줘,3
작업치료학과 알려주세요,3
작업치료학과 알려줘봐,3
작업치료학과 알려줘요,3
작업치료학과에 대해서 알려줘,3
작업치료학과에 대해서 알려주세요,3
작업치료학과에 관해서 알려줘,3
작업치료학과를 알려줘,3
언어치료,3
언어치료 알려줘,3
언어치료 알려주세요,3
언어치료 알려줘봐,3
언어치료 알려줘요,3
언어치료에 대해서 알려줘,3
언어치료에 대해서 알려주세요,3
언어치료에 관해서 알려줘,3
언어치료를 알려줘,3
언어치료학과,3
언어치료학과 알려줘,3
언어치료학과 알려주세요,3
언어치료학과 알려줘봐,3
언어치료학과 알려줘요,3
언어치료학과에 대해서 알려줘,3
언어치료학과에 대해서 알려주세요,3
언어치료학과에 관해서 알려줘,3
언어치료학과를 알려줘,3
청각,3
청각 알려줘,3
청각 알려주세요,3
청각 알려줘봐,3
청각 알려줘요,3
청각에 대해서 알려줘,3
청각에 대해서 알려주세요,3
청각에 관해서 알려줘,3
청각를 알려줘,3
언어치료청각재활학과,3
언어치료청각재활학과 알려줘,3
언어치료청각재활학과 알려주세요,3
언어치료청각재활학과 알려줘봐,3
언어치료청각재활학과 알려줘요,3
언어치료청각재활학과에 대해서 알려줘,3
언어치료청각재활학과에 대해서 알려주세요,3
언어치료청각재활학과에 관해서 알려줘,3
언어치료청각재활학과를 알려줘,3
청각재활,3
청각재활 알려줘,3
청각재활 알려주세요,3
청각재활 알려줘봐,3
청각재활 알려줘요,3
청각재활에 대해서 알려줘,3
청각재활에 대해서 알려주세요,3
청각재활에 관해서 알려줘,3
청각재활를 알려줘,3
청각재활학과,3
청각재활학과 알려줘,3
청각재활학과 알려주세요,3
청각재활학과 알려줘봐,3
청각재활학과 알려줘요,3
청각재활학과에 대해서 알려줘,3
청각재활학과에 대해서 알려주세요,3
청각재활학과에 관해서 알려줘,3
청각재활학과를 알려줘,3
보건경영,3
보건경영 알려줘,3
보건경영 알려주세요,3
보건경영 알려줘봐,3
보건경영 알려줘요,3
보건경영에 대해서 알려줘,3
보건경영에 대해서 알려주세요,3
보건경영에 관해서 알려줘,3
보건경영를 알려줘,3
보건경영학과,3
보건경영학과 알려줘,3
보건경영학과 알려주세요,3
보건경영학과 알려줘봐,3
보건경영학과 알려줘요,3
보건경영학과에 대해서 알려줘,3
보건경영학과에 대해서 알려주세요,3
보건경영학과에 관해서 알려줘,3
보건경영학과를 알려줘,3
보건의료,3
보건의료 알려줘,3
보건의료 알려주세요,3
보건의료 알려줘봐,3
보건의료 알려줘요,3
보건의료에 대해서 알려줘,3
보건의료에 대해서 알려주세요,3
보건의료에 관해서 알려줘,3
보건의료를 알려줘,3
보건의료학과,3
보건의료학과 알려줘,3
보건의료학과 알려주세요,3
보건의료학과 알려줘봐,3
보건의료학과 알려줘요,3
보건의료학과에 대해서 알려줘,3
보건의료학과에 대해서 알려주세요,3
보건의료학과에 관해서 알려줘,3
보건의료학과를 알려줘,3
보건의료경영,3
보건의료경영 알려줘,3
보건의료경영 알려주세요,3
보건의료경영 알려줘봐,3
보건의료경영 알려줘요,3
보건의료경영에 대해서 알려줘,3
보건의료경영에 대해서 알려주세요,3
보건의료경영에 관해서 알려줘,3
보건의료경영를 알려줘,3
보건의료경영학과,3
보건의료경영학과 알려줘,3
보건의료경영학과 알려주세요,3
보건의료경영학과 알려줘봐,3
보건의료경영학과 알려줘요,3
보건의료경영학과에 대해서 알려줘,3
보건의료경영학과에 대해서 알려주세요,3
보건의료경영학과에 관해서 알려줘,3
보건의료경영학과를 알려줘,3
유아교육과,3
유아교육과 알려줘,3
유아교육과 알려주세요,3
유아교육과 알려줘봐,3
유아교육과 알려줘요,3
유아교육과에 대해서 알려줘,3
유아교육과에 대해서 알려주세요,3
유아교육과에 관해서 알려줘,3
유아교육과를 알려줘,3
유아교육학과,3
유아교육학과 알려줘,3
유아교육학과 알려주세요,3
유아교육학과 알려줘봐,3
유아교육학과 알려줘요,3
유아교육학과에 대해서 알려줘,3
유아교육학과에 대해서 알려주세요,3
유아교육학과에 관해서 알려줘,3
유아교육학과를 알려줘,3
뷰티,3
뷰티 알려줘,3
뷰티 알려주세요,3
뷰티 알려줘봐,3
뷰티 알려줘요,3
뷰티에 대해서 알려줘,3
뷰티에 대해서 알려주세요,3
뷰티에 관해서 알려줘,3
뷰티를 알려줘,3
뷰티디자인,3
뷰티디자인 알려줘,3
뷰티디자인 알려주세요,3
뷰티디자인 알려줘봐,3
뷰티디자인 알려줘요,3
뷰티디자인에 대해서 알려줘,3
뷰티디자인에 대해서 알려주세요,3
뷰티디자인에 관해서 알려줘,3
뷰티디자인를 알려줘,3
뷰티학과,3
뷰티학과 알려줘,3
뷰티학과 알려주세요,3
뷰티학과 알려줘봐,3
뷰티학과 알려줘요,3
뷰티학과에 대해서 알려줘,3
뷰티학과에 대해서 알려주세요,3
뷰티학과에 관해서 알려줘,3
뷰티학과를 알려줘,3
뷰티디자인학과,3
뷰티디자인학과 알려줘,3
뷰티디자인학과 알려주세요,3
뷰티디자인학과 알려줘봐,3
뷰티디자인학과 알려줘요,3
뷰티디자인학과에 대해서 알려줘,3
뷰티디자인학과에 대해서 알려주세요,3
뷰티디자인학과에 관해서 알려줘,3
뷰티디자인학과를 알려줘,3
응급구조,3
응급구조 알려줘,3
응급구조 알려주세요,3
응급구조 알려줘봐,3
응급구조 알려줘요,3
응급구조에 대해서 알려줘,3
응급구조에 대해서 알려주세요,3
응급구조에 관해서 알려줘,3
응급구조를 알려줘,3
응급구조학과,3
응급구조학과 알려줘,3
응급구조학과 알려주세요,3
응급구조학과 알려줘봐,3
응급구조학과 알려줘요,3
응급구조학과에 대해서 알려줘,3
응급구조학과에 대해서 알려주세요,3
응급구조학과에 관해서 알려줘,3
응급구조학과를 알려줘,3
소방안전,3
소방안전 알려줘,3
소방안전 알려주세요,3
소방안전 알려줘봐,3
소방안전 알려줘요,3
소방안전에 대해서 알려줘,3
소방안전에 대해서 알려주세요,3
소방안전에 관해서 알려줘,3
소방안전를 알려줘,3
소방안전학과,3
소방안전학과 알려줘,3
소방안전학과 알려주세요,3
소방안전학과 알려줘봐,3
소방안전학과 알려줘요,3
소방안전학과에 대해서 알려줘,3
소방안전학과에 대해서 알려주세요,3
소방안전학과에 관해서 알려줘,3
소방안전학과를 알려줘,3
소방,3
소방 알려줘,3
소방 알려주세요,3
소방 알려줘봐,3
소방 알려줘요,3
소방에 대해서 알려줘,3
소방에 대해서 알려주세요,3
소방에 관해서 알려줘,3
소방를 알려줘,3
소방학과,3
소방학과 알려줘,3
소방학과 알려주세요,3
소방학과 알려줘봐,3
소방학과 알려줘요,3
소방학과에 대해서 알려줘,3
소방학과에 대해서 알려주세요,3
소방학과에 관해서 알려줘,3
소방학과를 알려줘,3
간호학과,3
간호학과 알려줘,3
간호학과 알려주세요,3
간호학과 알려줘봐,3
간호학과 알려줘요,3
간호학과에 대해서 알려줘,3
간호학과에 대해서 알려주세요,3
간호학과에 관해서 알려줘,3
간호학과를 알려줘,3
간호,3
간호 알려줘,3
간호 알려주세요,3
간호 알려줘봐,3
간호 알려줘요,3
간호에 대해서 알려줘,3
간호에 대해서 알려주세요,3
간호에 관해서 알려줘,3
간호를 알려줘,3
물리치료,3
물리치료 알려줘,3
물리치료 알려주세요,3
물리치료 알려줘봐,3
물리치료 알려줘요,3
물리치료에 대해서 알려줘,3
물리치료에 대해서 알려주세요,3
물리치료에 관해서 알려줘,3
물리치료를 알려줘,3
물리치료학과,3
물리치료학과 알려줘,3
물리치료학과 알려주세요,3
물리치료학과 알려줘봐,3
물리치료학과 알려줘요,3
물리치료학과에 대해서 알려줘,3
물리치료학과에 대해서 알려주세요,3
물리치료학과에 관해서 알려줘,3
물리치료학과를 알려줘,3
스포츠,3
스포츠 알려줘,3
스포츠 알려주세요,3
스포츠 알려줘봐,3
스포츠 알려줘요,3
스포츠에 대해서 알려줘,3
스포츠에 대해서 알려주세요,3
스포츠에 관해서 알려줘,3
스포츠를 알려줘,3
스포츠학과,3
스포츠학과 알려줘,3
스포츠학과 알려주세요,3
스포츠학과 알려줘봐,3
스포츠학과 알려줘요,3
스포츠학과에 대해서 알려줘,3
스포츠학과에 대해서 알려주세요,3
스포츠학과에 관해서 알려줘,3
스포츠학과를 알려줘,3
스포츠건강,3
스포츠건강 알려줘,3
스포츠건강 알려주세요,3
스포츠건강 알려줘봐,3
스포츠건강 알려줘요,3
스포츠건강에 대해서 알려줘,3
스포츠건강에 대해서 알려주세요,3
스포츠건강에 관해서 알려줘,3
스포츠건강를 알려줘,3
스포츠건강학과,3
스포츠건강학과 알려줘,3
스포츠건강학과 알려주세요,3
스포츠건강학과 알려줘봐,3
스포츠건강학과 알려줘요,3
스포츠건강학과에 대해서 알려줘,3
스포츠건강학과에 대해서 알려주세요,3
스포츠건강학과에 관해서 알려줘,3
스포츠건강학과를 알려줘,3
스포츠건강재활,3
스포츠건강재활 알려줘,3
스포츠건강재활 알려주세요,3
스포츠건강재활 알려줘봐,3
스포츠건강재활 알려줘요,3
스포츠건강재활에 대해서 알려줘,3
스포츠건강재활에 대해서 알려주세요,3
스포츠건강재활에 관해서 알려줘,3
스포츠건강재활를 알려줘,3
스포츠건강재활학과,3
스포츠건강재활학과 알려줘,3
스포츠건강재활학과 알려주세요,3
스포츠건강재활학과 알려줘봐,3
스포츠건강재활학과 알려줘요,3
스포츠건강재활학과에 대해서 알려줘,3
스포츠건강재활학과에 대해서 알려주세요,3
스포츠건강재활학과에 관해서 알려줘,3
스포츠건강재활학과를 알려줘,3
JCFS 인공지능,3
JCFS 인공지능 알려줘,3
JCFS 인공지능 알려주세요,3
JCFS 인공지능 알려줘봐,3
JCFS 인공지능 알려줘요,3
JCFS 인공지능에 대해서 알려줘,3
JCFS 인공지능에 대해서 알려주세요,3
JCFS 인공지능에 관해서 알려줘,3
JCFS 인공지능를 알려줘,3
JCFS 인공지능학과,3
JCFS 인공지능학과 알려줘,3
JCFS 인공지능학과 알려주세요,3
JCFS 인공지능학과 알려줘봐,3
JCFS 인공지능학과 알려줘요,3
JCFS 인공지능학과에 대해서 알려줘,3
JCFS 인공지능학과에 대해서 알려주세요,3
JCFS 인공지능학과에 관해서 알려줘,3
JCFS 인공지능학과를 알려줘,3
JCFS 데이터과학,3
JCFS 데이터과학 알려줘,3
JCFS 데이터과학 알려주세요,3
JCFS 데이터과학 알려줘봐,3
JCFS 데이터과학 알려줘요,3
JCFS 데이터과학에 대해서 알려줘,3
JCFS 데이터과학에 대해서 알려주세요,3
JCFS 데이터과학에 관해서 알려줘,3
JCFS 데이터과학를 알려줘,3
JCFS 데이터과학학과,3
JCFS 데이터과학학과 알려줘,3
JCFS 데이터과학학과 알려주세요,3
JCFS 데이터과학학과 알려줘봐,3
JCFS 데이터과학학과 알려줘요,3
JCFS 데이터과학학과에 대해서 알려줘,3
JCFS 데이터과학학과에 대해서 알려주세요,3
JCFS 데이터과학학과에 관해서 알려줘,3
JCFS 데이터과학학과를 알려줘,3
JCFS 인지과학,3
JCFS 인지과학 알려줘,3
JCFS 인지과학 알려주세요,3
JCFS 인지과학 알려줘봐,3
JCFS 인지과학 알려줘요,3
JCFS 인지과학에 대해서 알려줘,3
JCFS 인지과학에 대해서 알려주세요,3
JCFS 인지과학에 관해서 알려줘,3
JCFS 인지과학를 알려줘,3
JCFS 인지과학 학과,3
JCFS 인지과학 학과 알려줘,3
JCFS 인지과학 학과 알려주세요,3
JCFS 인지과학 학과 알려줘봐,3
JCFS 인지과학 학과 알려줘요,3
JCFS 인지과학 학과에 대해서 알려줘,3
JCFS 인지과학 학과에 대해서 알려주세요,3
JCFS 인지과학 학과에 관해서 알려줘,3
JCFS 인지과학 학과를 알려줘,3
장학금,3
장학금 알려줘,3
장학금 알려주세요,3
장학금 알려줘봐,3
장학금 알려줘요,3
장학금에 대해서 알려줘,3
장학금에 대해서 알려주세요,3
장학금에 관해서 알려줘,3
장학금를 알려줘,3
장학제도,3
장학제도 알려줘,3
장학제도 알려주세요,3
장학제도 알려줘봐,3
장학제도 알려줘요,3
장학제도에 대해서 알려줘,3
장학제도에 대해서 알려주세요,3
장학제도에 관해서 알려줘,3
장학제도를 알려줘,3
캠퍼스,3
캠퍼스 알려줘,3
캠퍼스 알려주세요,3
캠퍼스 알려줘봐,3
캠퍼스 알려줘요,3
캠퍼스에 대해서 알려줘,3
캠퍼스에 대해서 알려주세요,3
캠퍼스에 관해서 알려줘,3
캠퍼스를 알려줘,3
학교,3
학교 알려줘,3
학교 알려주세요,3
학교 알려줘봐,3
학교 알려줘요,3
학교에 대해서 알려줘,3
학교에 대해서 알려주세요,3
학교에 관해서 알려줘,3
학교를 알려줘,3
지도,3
지도 알려줘,3
지도 알려주세요,3
지도 알려줘봐,3
지도 알려줘요,3
지도에 대해서 알려줘,3
지도에 대해서 알려주세요,3
지도에 관해서 알려줘,3
지도를 알려줘,3
캠퍼스 맵,3
캠퍼스 맵 알려줘,3
캠퍼스 맵 알려주세요,3
캠퍼스 맵 알려줘봐,3
캠퍼스 맵 알려줘요,3
캠퍼스 맵에 대해서 알려줘,3
캠퍼스 맵에 대해서 알려주세요,3
캠퍼스 맵에 관해서 알려줘,3
캠퍼스 맵를 알려줘,3
캠퍼스맵,3
캠퍼스맵 알려줘,3
캠퍼스맵 알려주세요,3
캠퍼스맵 알려줘봐,3
캠퍼스맵 알려줘요,3
캠퍼스맵에 대해서 알려줘,3
캠퍼스맵에 대해서 알려주세요,3
캠퍼스맵에 관해서 알려줘,3
캠퍼스맵를 알려줘,3
학교맵,3
학교맵 알려줘,3
학교맵 알려주세요,3
학교맵 알려줘봐,3
학교맵 알려줘요,3
학교맵에 대해서 알려줘,3
학교맵에 대해서 알려주세요,3
학교맵에 관해서 알려줘,3
학교맵를 알려줘,3
우송대 위치,3
우송대 위치 알려줘,3
우송대 위치 알려주세요,3
우송대 위치 알려줘봐,3
우송대 위치 알려줘요,3
우송대 위치에 대해서 알려줘,3
우송대 위치에 대해서 알려주세요,3
우송대 위치에 관해서 알려줘,3
우송대 위치를 알려줘,3
기숙사,3
기숙사 알려줘,3
기숙사 알려주세요,3
기숙사 알려줘봐,3
기숙사 알려줘요,3
기숙사에 대해서 알려줘,3
기숙사에 대해서 알려주세요,3
기숙사에 관해서 알려줘,3
기숙사를 알려줘,3
긱사,3
긱사 알려줘,3
긱사 알려주세요,3
긱사 알려줘봐,3
긱사 알려줘요,3
긱사에 대해서 알려줘,3
긱사에 대해서 알려주세요,3
긱사에 관해서 알려줘,3
긱사를 알려줘,3
연락처,3
연락처 알려줘,3
연락처 알려주세요,3
연락처 알려줘봐,3
연락처 알려줘요,3
연락처에 대해서 알려줘,3
연락처에 대해서 알려주세요,3
연락처에 관해서 알려줘,3
연락처를 알려줘,3
번호,3
번호 알려줘,3
번호 알려주세요,3
번호 알려줘봐,3
번호 알려줘요,3
번호에 대해서 알려줘,3
번호에 대해서 알려주세요,3
번호에 관해서 알려줘,3
번호를 알려줘,3
부서,3
부서 알려줘,3
부서 알려주세요,3
부서 알려줘봐,3
부서 알려줘요,3
부서에 대해서 알려줘,3
부서에 대해서 알려주세요,3
부서에 관해서 알려줘,3
부서를 알려줘,3
교무처 연락처,3
교무처 연락처 알려줘,3
교무처 연락처 알려주세요,3
교무처 연락처 알려줘봐,3
교무처 연락처 알려줘요,3
교무처 연락처에 대해서 알려줘,3
교무처 연락처에 대해서 알려주세요,3
교무처 연락처에 관해서 알려줘,3
교무처 연락처를 알려줘,3
부서별 연락처,3
부서별 연락처 알려줘,3
부서별 연락처 알려주세요,3
부서별 연락처 알려줘봐,3
부서별 연락처 알려줘요,3
부서별 연락처에 대해서 알려줘,3
부서별 연락처에 대해서 알려주세요,3
부서별 연락처에 관해서 알려줘,3
부서별 연락처를 알려줘,3
부서별연락처,3
부서별연락처 알려줘,3
부서별연락처 알려주세요,3
부서별연락처 알려줘봐,3
부서별연락처 알려줘요,3
부서별연락처에 대해서 알려줘,3
부서별연락처에 대해서 알려주세요,3
부서별연락처에 관해서 알려줘,3
부서별연락처를 알려줘,3
입학,3
입학 알려줘,3
입학 알려주세요,3
입학 알려줘봐,3
입학 알려줘요,3
입학에 대해서 알려줘,3
입학에 대해서 알려주세요,3
입학에 관해서 알려줘,3
입학를 알려줘,3
입학처,3
입학처 알려줘,3
입학처 알려주세요,3
입학처 알려줘봐,3
입학처 알려줘요,3
입학처에 대해서 알려줘,3
입학처에 대해서 알려주세요,3
입학처에 관해서 알려줘,3
입학처를 알려줘,3
편의시설,3
편의시설 알려줘,3
편의시설 알려주세요,3
편의시설 알려줘봐,3
편의시설 알려줘요,3
편의시설에 대해서 알려줘,3
편의시설에 대해서 알려주세요,3
편의시설에 관해서 알려줘,3
편의시설를 알려줘,3
편의,3
편의 알려줘,3
편의 알려주세요,3
편의 알려줘봐,3
편의 알려줘요,3
편의에 대해서 알려줘,3
편의에 대해서 알려주세요,3
편의에 관해서 알려줘,3
편의를 알려줘,3
시설,3
시설 알려줘,3
시설 알려주세요,3
시설 알려줘봐,3
시설 알려줘요,3
시설에 대해서 알려줘,3
시설에 대해서 알려주세요,3
시설에 관해서 알려줘,3
시설를 알려줘,3
농어촌학생,3
농어촌학생 알려줘,3
농어촌학생 알려주세요,3
농어촌학생 알려줘봐,3
농어촌학생 알려줘요,3
농어촌학생에 대해서 알려줘,3
농어촌학생에 대해서 알려주세요,3
농어촌학생에 관해서 알려줘,3
농어촌학생를 알려줘,3
농어촌,3
농어촌 알려줘,3
농어촌 알려주세요,3
농어촌 알려줘봐,3
농어촌 알려줘요,3
농어촌에 대해서 알려줘,3
농어촌에 대해서 알려주세요,3
농어촌에 관해서 알려줘,3
농어촌를 알려줘,3
특성화고교졸업자,3
특성화고교졸업자 알려줘,3
특성화고교졸업자 알려주세요,3
특성화고교졸업자 알려줘봐,3
특성화고교졸업자 알려줘요,3
특성화고교졸업자에 대해서 알려줘,3
특성화고교졸업자에 대해서 알려주세요,3
특성화고교졸업자에 관해서 알려줘,3
특성화고교졸업자를 알려줘,3
특성화,3
특성화 알려줘,3
특성화 알려주세요,3
특성화 알려줘봐,3
특성화 알려줘요,3
특성화에 대해서 알려줘,3
특성화에 대해서 알려주세요,3
특성화에 관해서 알려줘,3
특성화를 알려줘,3
기초생활수급자,3
기초생활수급자 알려줘,3
기초생활수급자 알려주세요,3
기초생활수급자 알려줘봐,3
기초생활수급자 알려줘요,3
기초생활수급자에 대해서 알려줘,3
기초생활수급자에 대해서 알려주세요,3
기초생활수급자에 관해서 알려줘,3
기초생활수급자를 알려줘,3
기초생활,3
기초생활 알려줘,3
기초생활 알려주세요,3
기초생활 알려줘봐,3
기초생활 알려줘요,3
기초생활에 대해서 알려줘,3
기초생활에 대해서 알려주세요,3
기초생활에 관해서 알려줘,3
기초생활를 알려줘,3
기초,3
기초 알려줘,3
기초 알려주세요,3
기초 알려줘봐,3
기초 알려줘요,3
기초에 대해서 알려줘,3
기초에 대해서 알려주세요,3
기초에 관해서 알려줘,3
기초를 알려줘,3
차상위,3
차상위 알려줘,3
차상위 알려주세요,3
차상위 알려줘봐,3
차상위 알려줘요,3
차상위에 대해서 알려줘,3
차상위에 대해서 알려주세요,3
차상위에 관해서 알려줘,3
차상위를 알려줘,3
전년도 등급컷,3
전년도 등급컷 알려줘,3
전년도 등급컷 알려주세요,3
전년도 등급컷 알려줘봐,3
전년도 등급컷 알려줘요,3
전년도 등급컷에 대해서 알려줘,3
전년도 등급컷에 대해서 알려주세요,3
전년도 등급컷에 관해서 알려줘,3
전년도 등급컷를 알려줘,3
전년도등급컷,3
전년도등급컷 알려줘,3
전년도등급컷 알려주세요,3
전년도등급컷 알려줘봐,3
전년도등급컷 알려줘요,3
전년도등급컷에 대해서 알려줘,3
전년도등급컷에 대해서 알려주세요,3
전년도등급컷에 관해서 알려줘,3
전년도등급컷를 알려줘,3
등급컷,3
등급컷 알려줘,3
등급컷 알려주세요,3
등급컷 알려줘봐,3
등급컷 알려줘요,3
등급컷에 대해서 알려줘,3
등급컷에 대해서 알려주세요,3
등급컷에 관해서 알려줘,3
등급컷를 알려줘,3
전형방법,3
전형방법 알려줘,3
전형방법 알려주세요,3
전형방법 알려줘봐,3
전형방법 알려줘요,3
전형방법에 대해서 알려줘,3
전형방법에 대해서 알려주세요,3
전형방법에 관해서 알려줘,3
전형방법를 알려줘,3
지원방법,3
지원방법 알려줘,3
지원방법 알려주세요,3
지원방법 알려줘봐,3
지원방법 알려줘요,3
지원방법에 대해서 알려줘,3
지원방법에 대해서 알려주세요,3
지원방법에 관해서 알려줘,3
지원방법를 알려줘,3
전형,3
전형 알려줘,3
전형 알려주세요,3
전형 알려줘봐,3
전형 알려줘요,3
전형에 대해서 알려줘,3
전형에 대해서 알려주세요,3
전형에 관해서 알려줘,3
전형를 알려줘,3
지원,3
지원 알려줘,3
지원 알려주세요,3
지원 알려줘봐,3
지원 알려줘요,3
지원에 대해서 알려줘,3
지원에 대해서 알려주세요,3
지원에 관해서 알려줘,3
지원를 알려줘,3
합격자 발표,3
합격자 발표 알려줘,3
합격자 발표 알려주세요,3
합격자 발표 알려줘봐,3
합격자 발표 알려줘요,3
합격자 발표에 대해서 알려줘,3
합격자 발표에 대해서 알려주세요,3
합격자 발표에 관해서 알려줘,3
합격자 발표를 알려줘,3
합격자발표,3
합격자발표 알려줘,3
합격자발표 알려주세요,3
합격자발표 알려줘봐,3
합격자발표 알려줘요,3
합격자발표에 대해서 알려줘,3
합격자발표에 대해서 알려주세요,3
합격자발표에 관해서 알려줘,3
합격자발표를 알려줘,3
최종 합격자 조회,3
최종 합격자 조회 알려줘,3
최종 합격자 조회 알려주세요,3
최종 합격자 조회 알려줘봐,3
최종 합격자 조회 알려줘요,3
최종 합격자 조회에 대해서 알려줘,3
최종 합격자 조회에 대해서 알려주세요,3
최종 합격자 조회에 관해서 알려줘,3
최종 합격자 조회를 알려줘,3
최종,3
최종 알려줘,3
최종 알려주세요,3
최종 알려줘봐,3
최종 알려줘요,3
최종에 대해서 알려줘,3
최종에 대해서 알려주세요,3
최종에 관해서 알려줘,3
최종를 알려줘,3
최종 합격자,3
최종 합격자 알려줘,3
최종 합격자 알려주세요,3
최종 합격자 알려줘봐,3
최종 합격자 알려줘요,3
최종 합격자에 대해서 알려줘,3
최종 합격자에 대해서 알려주세요,3
최종 합격자에 관해서 알려줘,3
최종 합격자를 알려줘,3
고지서,3
고지서 알려줘,3
고지서 알려주세요,3
고지서 알려줘봐,3
고지서 알려줘요,3
고지서에 대해서 알려줘,3
고지서에 대해서 알려주세요,3
고지서에 관해서 알려줘,3
고지서를 알려줘,3
일반,3
일반 알려줘,3
일반 알려주세요,3
일반 알려줘봐,3
일반 알려줘요,3
일반에 대해서 알려줘,3
일반에 대해서 알려주세요,3
일반에 관해서 알려줘,3
일반를 알려줘,3
일반전형,3
일반전형 알려줘,3
일반전형 알려주세요,3
일반전형 알려줘봐,3
일반전형 알려줘요,3
일반전형에 대해서 알려줘,3
일반전형에 대해서 알려주세요,3
일반전형에 관해서 알려줘,3
일반전형를 알려줘,3
똑 부러지게 말해야지 잘 전달할 수 있을 거예요.,4
똑같은 나날들 마음에 따라 얼마든지 바뀔 수 있어요,4
똑똑! 저는 위로봇입니다.,4
똑똑하면 좋겠다 지금도 충분해요.,4
똑똑해지고 싶다 지금도 충분해요.,4
똥마려 화장실 가세요,4
뜨끈한 온천가고 싶다. 몸은 뜨겁고 머리는 차갑게!,4
뜻밖의 고민을 하고 있어 인생은 항상 마음 먹은 대로 되지 않아요,4
띰띰해요 놀아 주세요 거울을 보면서 얼굴 망가뜨리기 놀이 해 보신 적 있으세요? 의외로 재미 있어요,4
라면 맛있게 끓이는 법 알려줘 라면봉지 레시피 그대로 해보세요.,4
라면 먹고 갈래 저는 좋아요,4
라면 먹고 싶어 맛나게 끓여드세요.,4
라면 먹어야겠다. 맛나게 끓여드세요,4
라면 먹을래 저는 좋아요.,4
라면 잘 끓이는 법 라면봉지 레시피 그대로 해보세요,4
랜선 집사됐어 완전 귀엽죠?,4
레고 사고 싶은데 비싸 돈 모아서 사세요.,4